"Study ID","Study Title","Species","Institute","Analysis","Submitted","Release Date","Version"
"ST005094","Comprehensive NMR Metabolomic Profiling Reveals a Pro-Atherogenic Signature in Psoriasis","Homo sapiens","University of Tartu","NMR","2026-08-03","2026-08-20","1"
"ST005032","Exploring cardiometabolic markers in adverse pregnancy outcomes: insights from the GROWell study","Homo sapiens","University of California, Davis","LC-MS","2025-12-12","2026-07-31","1"
"ST005011","Gut microbiota and metabolites are linked to disease progression in multiple sclerosis - Serum","Homo sapiens","Brigham and Women's Hospital","LC-MS","2024-06-12","2026-07-15","1"
"ST005005","Exome Sequencing and Metabolite Profiling Identifies Genetic Variants Associated with Altered Metabolism in Early-Onset Schizophrenia","Homo sapiens","Southern Medical University","LC-MS","2026-07-01","2026-07-15","1"
"ST004980","Metabolomics datasets of Deep metabolic dysfunction profiling and drug-host-microbe interactions in the Wilson's Disease gut-liver axis","Homo sapiens","Centro de Investigación Príncipe Felipe","NMR","2026-06-19","2026-07-07","1"
"ST004979","Exploring serum metabolic biomarkers of allergen tolerance in lipid transfer protein (LTP) allergy","Homo sapiens","Universidad CEU San Pablo","LC-MS","2026-05-14","2026-07-27","1"
"ST004976","Lipidomics datasets of Deep metabolic dysfunction profiling and drug-host-microbe interactions in the Wilson's Disease gut-liver axis","Homo sapiens","IIS La Fe","LC-MS","2026-06-19","2026-07-07","1"
"ST004975","A high-resolution circulating metabolic atlas of lung adenocarcinoma progression supports early and accurate diagnosis","Homo sapiens","Shanghai Jiao Tong University School of Medicine","MS(Dir. Inf.)","2026-06-24","2026-07-01","1"
"ST004944","Serum metabolomic profiling of NK/T-cell lymphoma","Homo sapiens","Sun Yat-sen University Cancer Center","LC-MS","2026-06-17","2026-06-20","1"
"ST004940","Increased Serum Indole and Depleted Serotonin in Patients with Myalgic Encephalomyelitis/Chronic Fatigue Syndrome","Homo sapiens","National Center of Neurology and Psychiatry, Japan","LC-MS","2026-06-03","2026-07-10","1"
"ST004922","Plasma methionine cycle metabolite signatures for diagnosis, progression stratification and palbociclib resistance prediction in luminal breast cancer","Homo sapiens","Nanjing Medical University","LC-MS","2026-06-08","2026-06-17","1"
"ST004901","Lipidomic Analysis of in vitro-spiked Lipoprotein Lipase (LPL) in Human Plasma","Homo sapiens","CDC","MS(Dir. Inf.)","2026-04-28","2026-06-26","1"
"ST004885","Identification of Plasma Metabolites Prognostic of Acute Kidney Injury after Cardiac Surgery with Cardiopulmonary Bypass","Homo sapiens","Institute of Functional Genomics","NMR","2026-05-18","2026-06-20","1"
"ST004849","Metabolomic Characterization of Skeletal Muscle and Vascular Adaptations During the SIRIUS-21 Eight-Month Isolation and Confinement Spaceflight Analog Mission","Homo sapiens","Sharjah Institute for Medical Research","LC-MS","2026-05-12","2026-06-05","1"
"ST004827","Age-related differences in metabolome composition in a healthy pediatric population: A pilot analysis","Homo sapiens","University of British Columbia","LC-MS","2026-05-04","2026-07-31","1"
"ST004826","Integrated Metabolomic Analysis of Plasma and Fecal Samples from Healthy Volunteers during Durian Intervention","Homo sapiens","National Cancer Centre Singapore","LC-MS","2026-04-26","2026-05-20","1"
"ST004818","Whole Blood Metabolomics Reveals Coordinated Redox-One-Carbon Axis Disruption in NSCLC: A Pilot Study in an Indian Cohort","Homo sapiens","All India Institute of Medical Sciences","LC-MS","2026-04-27","2026-05-11","1"
"ST004814","Pre-transplant Serum Immunometabolomic Profiles Associated with Kidney Transplant Survival","Homo sapiens","University of British Columbia","FIA-MS/LC-MS","2025-12-21","2026-07-31","1"
"ST004795","Metabolite profiling of circulating metabolites associated with protection against Mycobacterium tuberculosis infection in Indonesian household contacts","Homo sapiens","Broad Institute of MIT and Harvard","LC-MS","2026-04-23","2026-05-20","1"
"ST004773","Regulation of schistosomiasis by the host gut microbiome","Homo sapiens","Institute of Medical Research and Medicinal Plant Studies/Ministry of Scientific Research and Innovation, Yaoundé","LC-MS","2026-02-13","2026-05-01","1"
"ST004767","Human multi-omics maps progression from pancreatitis to pancreatic ductal adenocarcinoma and identifies a diagnostic panel","Homo sapiens","Affiliated Hangzhou First People's Hospital, Westlake University, School of Medicine","LC-MS","2026-04-08","2026-05-04","1"
"ST004760","Mass drug administration of Praziquantel lowers the susceptibility to Schistosoma mansoni","Homo sapiens","Institute of Medical Research and Medicinal Plant Studies/Ministry of Scientific Research and Innovation, Yaoundé","LC-MS","2026-02-09","2026-04-17","1"
"ST004746","Untargeted metabolite profiling and PCS quantification in CD4+ T cells from HIV-1 infected persons (Part 1/2)","Homo sapiens","Emory University","LC-MS","2026-03-17","2026-06-20","1"
"ST004741","Metabolomic aging and mortality clocks based on ensemble learning identify systemic aging risk across the human lifespan in 18,476 individuals","Homo sapiens","Shanghai Jiao Tong University affiliated Renji Hospital","MALDI-MS","2026-03-26","2026-04-10","1"
"ST004715","Untargeted serum metabolomics comparison between metabolically healthy and metabolically unhealthy obesity in children","Homo sapiens","Hebei medical university","LC-MS","2026-03-18","2026-05-11","1"
"ST004714","Targeted serum metabolomics before and after short-term lifestyle intervention in children with obesity","Homo sapiens","Hebei medical university","LC-MS","2026-03-17","2026-05-11","1"
"ST004651","Benchmarking Data for Untargeted Mass Spectrometry-Based Metabolomics: LC (HILIC)-TOF MS (Negative)","Homo sapiens","Colorado State University","LC-MS","2026-02-16","2026-03-11","1"
"ST004650","Benchmarking Data for Untargeted Mass Spectrometry-Based Metabolomics: LC (HILIC)-TOF MS (Positive)","Homo sapiens","Colorado State University","LC-MS","2026-02-11","2026-03-11","1"
"ST004644","Diurnal oscillation of blood plasma energy metabolites from healthy human volunteers measured by UPLC-MS/MS metabolomics reveals circadian timing regulates temporal homeostasis","Homo sapiens","University of Pennsylvania","LC-MS","2026-02-13","2026-03-09","1"
"ST004628","Active brown adipose tissue is associated with reduced arterial inflammation and improved atherogenic systemic profile in individuals with obesity","Homo sapiens","University of Vienna","LC-MS","2026-02-09","2026-05-01","1"
"ST004626","Benchmarking Data for Untargeted Mass Spectrometry-Based Metabolomics: LC (Reverse Phase)-TOF MS (Negative)","Homo sapiens","Colorado State University","LC-MS","2026-01-31","2026-03-06","1"
"ST004611","Targeted metabolomics of plasma samples from metastatic renal cell carcinoma (mRCC) patients treated with fecal microbiota transplantation (FMT).","Homo sapiens","National Research Council Canada","LC-MS","2026-01-26","2026-02-06","1"
"ST004606","Metabolomic and Lipidomic Mass Spectrometry-Based Strategies to Evaluate Treatment Effects on Cystic Fibrosis Patients","Homo sapiens","Université de Sherbrooke","LC-MS","2026-02-03","2026-02-06","1"
"ST004584","Effect of serum content after anaphylaxis on the lipidomics profile of endothelial cells.","Homo sapiens","Universidad CEU San Pablo","LC-MS","2026-01-13","2026-02-02","1"
"ST004581","Impact of maternal HIV infection on the gut microbiota microbiome and metabolome of maternal-infant populations mothers and infants: The PRACHITi Cohort in Pune, India","Homo sapiens","Columbia University - Medical Center","LC-MS","2026-01-26","2026-02-16","1"
"ST004571","Metabolomic signatures of Cardiovascular Disease Patients in High-Altitude Environments","Homo sapiens","Macao Polytechnic University","LC-MS","2026-01-18","2026-02-06","1"
"ST004524","Clonal expansion of cytotoxic CD8⁺ T cells in lecanemab-associated ARIA","Homo sapiens","University of Kentucky","LC-MS","2026-01-07","2026-01-29","1"
"ST004518","Plasma metabolic profiling identifies elevated hippurate as a potential biomarker of methotrexate non-response in juvenile idiopathic arthritis.","Homo sapiens","University of Kansas","LC-MS","2025-06-15","2026-01-29","1"
"ST004504","Benchmarking Data for Untargeted Mass Spectrometry-Based Metabolomics: LC (Reverse Phase)-Orbitrap MS (Positive)","Homo sapiens","Washington University in St. Louis","LC-MS","2025-06-01","2026-01-15","1"
"ST004503","Benchmarking Data for Untargeted Mass Spectrometry-Based Metabolomics: LC (Reverse Phase)-TOF MS (Positive)","Homo sapiens","Colorado State University","LC-MS","2025-12-29","2026-01-19","1"
"ST004502","Benchmarking Data for Untargeted Mass Spectrometry-Based Metabolomics: LC (HILIC)-Orbitrap MS (Negative)","Homo sapiens","Washington University in St. Louis","LC-MS","2025-12-05","2026-01-15","1"
"ST004501","Benchmarking Data for Untargeted Mass Spectrometry-Based Metabolomics: LC (HILIC)-Orbitrap MS (Positive)","Homo sapiens","Washington University in St. Louis","LC-MS","2025-12-05","2026-01-15","1"
"ST004500","Benchmarking Data for Untargeted Mass Spectrometry-Based Metabolomics: LC (Reverse Phase)-Orbitrap MS (Negative)","Homo sapiens","Washington University in St. Louis","LC-MS","2025-12-05","2026-01-15","1"
"ST004442","Identification of Metabolomic Signatures of Diabetic Kidney Disease in Plasma Using Untargeted Gas Chromatography-Mass Spectrometry","Homo sapiens","Center for Precision Medicine, Wake Forest University School of Medicine","GC-MS","2025-12-02","2026-02-02","1"
"ST004409","Exploring metabolic changes in children with congenital hypothyroidism: A serum metabolomic study combined by machine learning","Homo sapiens","Xiamen University","NMR","2025-11-29","2026-05-29","1"
"ST004393","Polar metabolites profiling in Human Fragile X Syndrome (FXS) and typically developing (TD) human plasma.","Homo sapiens","UMass Chan Medical School","LC-MS","2025-11-12","2025-12-01","1"
"ST004356","Stable Isotope Tracing of Primary Human Peripheral Blood Mononuclear Cells","Homo sapiens","University of Kentucky","GC-MS","2025-10-27","2025-12-10","1"
"ST004318","Metabolomic profiling of serum and stool reveals lipid and amino acid pathways associated with ALS progression rate and sex-specific differences","Homo sapiens","Duke University","LC-MS","2025-10-21","2026-07-07","1"
"ST004303","Exercise intensity modulates the human plasma secretome and interorgan communication","Homo sapiens","The Rockefeller University","LC-MS","2025-10-21","2025-11-12","1"
"ST004297","ROSE longitudinal metabolomics analyses of ARDS inflammatory phenotypes","Homo sapiens","University of California, San Francisco","LC-MS","2025-10-13","2026-01-08","1"
"ST004275","Cardiometabolic and molecular adaptations to 6-month intermittent fasting in middle-aged men and women with overweight: secondary outcomes of a randomized controlled trial","Homo sapiens","Washington University in St. Louis","GC-MS","2025-10-02","2025-10-28","1"
"ST004269","Targeted Metabolomics Reveals Dysregulated Tryptophan Metabolism in Retinitis Pigmentosa","Homo sapiens","Soochow University","LC-MS","2025-07-31","2026-07-31","1"
"ST004266","UNTARGETED METABOLOMIC AND LIPIDOMIC PROFILING IN CYSTIC FIBROSIS PATIENTS USING UPLC-QTOF-MS","Homo sapiens","Université de Sherbrooke","LC-MS","2025-09-26","2025-10-10","1"
"ST004263","Metabolomics analysis of effects of NSAID administration on human volunteers","Homo sapiens","University of Pennsylvania","LC-MS","2025-09-19","2025-10-28","1"
"ST004248","A multi-omics exploration of biological responses upon high carotenoid intake","Homo sapiens","Ohio State University","LC-MS","2025-09-23","2025-10-22","1"
"ST004241","Global metabolomics and lipidomics identified steroid, sphingolipid, and microbiome-associated pathways linked to asthma exacerbation","Homo sapiens","China Pharmaceutical University","LC-MS","2025-04-20","2025-10-20","1"
"ST004208","Plasma Metabolomics Profiling in Men Who Have Sex with Men Before HIV-1 Infection","Homo sapiens","National Institute of Environmental Health Sciences","LC-MS","2025-09-17","2025-10-12","1"
"ST004199","Longitudinal Metabolomic Changes in Adolescents with Obesity: Efficacy of a One-Year Ketogenic Nutritional Intervention","Homo sapiens","Universidad CEU San Pablo","GC-MS/LC-MS/CE-MS","2025-07-29","2026-01-29","1"
"ST004198","Deep Serum Multiomics Analysis Defines the Molecular Landscape and a Diagnostic Signature of Acute Ischemic Stroke","Homo sapiens","Wenzhou Medical University","LC-MS","2025-08-04","2025-10-08","1"
"ST004192","Identification of BAT-derived lipids by integrating mice and human atlases","Homo sapiens","Harvard Medical School","LC-MS","2025-09-01","2026-05-06","1"
"ST004187","Discovery and Validation of Metabolic Biomarkers for 'Liver Qi Stagnation' and 'Liver-Gallbladder Damp-Heat' Syndromes in Cholelithiasis: Blood targeted","Homo sapiens","The First Affiliated Hospital of Dalian Medical University","LC-MS","2025-08-09","2025-09-17","1"
"ST004186","Discovery and Validation of Metabolic Biomarkers for 'Liver Qi Stagnation' and 'Liver-Gallbladder Damp-Heat' Syndromes in Cholelithiasis: Blood untargeted","Homo sapiens","First Affiliated Hospital of Dalian Medical University","LC-MS","2025-08-09","2025-11-06","1"
"ST004185","Maternal and fetal Tryptophan-Kynurenine metabolite changes in Preeclampsia and Gestational Diabetes","Homo sapiens","Translational Health Science And Technology Institute (THSTI)","LC-MS","2025-09-08","2025-10-06","1"
"ST004184","Plasma Sugar and Sugar Alcohols Analysis in Thai EGFR-mutated Non-Small Cell Lung Cancer Patients","Homo sapiens","Mahidol University","GC-MS","2025-09-09","2025-10-06","1"
"ST004177","Plasma Organic acids Analysis in Thai EGFR-mutated Non-Small Cell Lung Cancer Patients","Homo sapiens","Mahidol University","GC-MS","2025-06-05","2025-09-16","1"
"ST004161","Distinct plasma metabolomic alterations are associated with physical function, weight loss, and muscle mass in men with cancer","Homo sapiens","VA Puget Sound Health Care System","LC-MS","2025-08-28","2025-09-25","1"
"ST004148","Surface Acoustic Wave Hemolysis Assay for Evaluating Stored Red Blood Cells","Homo sapiens","University of Colorado School of Medicine","LC-MS","2025-08-25","2025-08-27","1"
"ST004145","Multi-Omic Analysis Links Neighborhood Disadvantage to Inflammatory Proteins and Tumorigenic Markers in ER+ Breast Cancer Plasma and Tumor Samples","Homo sapiens","University of Illinois Urbana-Champaign","LC-MS","2025-08-21","2025-09-02","1"
"ST004140","Metabolic Profiling of Serum for Determination of Pathogenesis, Diagnosis, and Prognosis in Gestational Diabetes Mellitus in the First and Second Trimester","Homo sapiens","Zhejiang University","MALDI-MS","2025-08-14","2025-10-08","1"
"ST004136","Bifidobacterium animalis subsp. lactis secretes acetate to delay the progression of epithelial ovarian cancer via regulating the NRF2-HO-1-ferroptosis pathway","Homo sapiens","Nanchang university","GC-MS","2025-08-15","2025-09-11","1"
"ST004098","Metabolic-Immuno-Hormonal Crosstalk in Breast Cancer","Homo sapiens","Sharjah Institute for Medical Research","LC-MS","2025-08-03","2025-08-29","1"
"ST004080","Revealing metabotypes of IgE-, COX-1 inhibitors- and MRGPRX2 receptor-mediated drug hypersensitivities","Homo sapiens","Universidad CEU San Pablo","LC-MS","2025-07-16","2025-08-19","1"
"ST004073","Development of Novel Pancreatic Cancer Diagnostic Biomarkers via Lipidomic Profiling - targeted metabolomics of human plasma","Homo sapiens","National Cancer Center Graduate School of Cancer Science and Policy","LC-MS","2025-07-17","2025-10-22","1"
"ST004066","Development of Novel Pancreatic Cancer Diagnostic Biomarkers via Lipidomic Profiling - Untargeted metabolomics in human plasma","Homo sapiens","National Cancer Center Graduate School of Cancer Science and Policy","LC-MS","2025-07-15","2025-10-22","1"
"ST004055","Genes govern metabolism—Enzymes define pathways and metabolic relationships","Homo sapiens","Emory University","LC-MS","2025-07-08","2026-07-01","1"
"ST004047","Artificial intelligence platform for endometrial cancer risk stratification using clinical and molecular multi-omics data","Homo sapiens","Fudan University","LC-MS","2025-04-28","2025-07-18","1"
"ST004033","A pilot metabolomics study across the continuum of interstitial lung disease fibrosis severity","Homo sapiens","Emory University","LC-MS","2025-06-22","2025-07-25","1"
"ST004023","Untargeted Metabolomics Profiling of Human Plasma via LC-Q-TOF for sudden sensorineural hearing loss (SSNHL) Biomarker Discovery","Homo sapiens","The First Affiliated Hospital of Kunming Medical University","LC-MS","2025-06-17","2025-07-28","1"
"ST003994","Nano-sensitive DIA LC-MS/MS method for untargeted Metabolomics on NIST human plasma to systematically optimize critical mass spectrometric parameters to enhance metabolite coverage","Homo sapiens","Federal University of Viçosa","LC-MS","2025-05-13","2025-07-13","1"
"ST003989","Plasma Amino Acids Analysis in Thai EGFR-mutated Non-Small Cell Lung Cancer Patients","Homo sapiens","Mahidol University","GC-MS","2025-06-02","2025-07-07","1"
"ST003984","Metabolome analysis as a potential source of endometriosis biomarkers with the use of multiomics approach in its diagnosis","Homo sapiens","Calisia University","FIA-MS/LC-MS","2025-05-29","2025-07-09","1"
"ST003954","Integrated analysis of irritable bowel syndrome comorbid with psychological disorders based on microbiomics and metabolomics","Homo sapiens","Sun Yat-sen University","LC-MS","2025-06-06","2025-06-30","1"
"ST003950","Plasma Phospholipids Analysis in Thai EGFR-mutated Non-Small Cell Lung Cancer Patients","Homo sapiens","Mahidol University","LC-MS","2025-05-28","2025-07-07","1"
"ST003947","Total fatty acids in plasma of treated metabolic syndrome patients with and without mild cognitive impairment","Homo sapiens","Mahidol University","GC-MS","2025-05-28","2025-06-25","1"
"ST003946","Plasma tryptophan concentrations in treated metabolic syndrome patients with and without mild cognitive impairment","Homo sapiens","Mahidol University","LC-MS","2025-05-28","2025-06-25","1"
"ST003942","Tryptophan metabolite concentrations in plasma of treated metabolic syndrome patients with and without mild cognitive impairment","Homo sapiens","Mahidol University","LC-MS","2025-05-28","2025-06-25","1"
"ST003939","Plasma amino acids of treated metabolic syndrome patients with and without mild cognitive impairment","Homo sapiens","Mahidol University","GC-MS","2025-05-28","2025-06-25","1"
"ST003938","Host sensing of microbially produced imidazole propionate is a driver and therapeutic target in atherosclerosis","Homo sapiens","University of Gothenburg","LC-MS","2025-05-22","2025-06-25","1"
"ST003937","Post-transfusion recovery, quality and metabolism of short and long-term stored platelets during controlled inflammation","Homo sapiens","University of Colorado Anschutz Medical Campus","LC-MS","2025-05-29","2025-08-29","1"
"ST003936","Metabolomic analysis of breast cancer in Colombian patients: Exploring molecular signatures in different subtypes and stages","Homo sapiens","Universidad de los Andes","GC-MS/LC-MS","2025-05-22","2025-06-24","1"
"ST003934","Benchmarking Data for Untargeted Mass Spectrometry-Based Metabolomics Data Processing: GC-MS","Homo sapiens","Colorado State University","GC-MS","2025-05-28","2025-06-22","1"
"ST003929","Imidazole propionate is a driver and therapeutic target in atherosclerosis (study 1)","Homo sapiens","Centro Nacional de Investigaciones Cardiovasculares Carlos III","LC-MS","2025-05-23","2025-06-17","1"
"ST003922","Time-series metabolomic profiling of SARS-CoV-2 infection: Possible prognostic biomarkers in patients in the ICU by ¹H-NMR analysis","Homo sapiens","Acibadem University","NMR","2025-05-20","2025-06-17","1"
"ST003913","Altered Metabolomics and Inflammatory Transcriptomics in Human Bone Marrow Adipocytes After Acute High Calorie Diet and Acute Fasting","Homo sapiens","MaineHealth Institute for Research","LC-MS/MS(Dir. Inf.)","2025-04-16","2025-05-26","1"
"ST003897","Postprandial Plasma Lipidomic Changes in 147 Individuals Following Ingestion of a Standard Mixed Meal","Homo sapiens","Nanjing Medical University","LC-MS","2025-04-27","2025-07-30","1"
"ST003896","Postprandial Plasma Metabolomic Changes in 147 Individuals Following Ingestion of a Standard Mixed Meal","Homo sapiens","Nanjing Medical University","LC-MS","2025-04-27","2025-07-30","1"
"ST003895","Postprandial Plasma Metabolomic Changes in 24 Metabolically Healthy Individuals Following Ingestion of Four Different Isocaloric Macronutrients","Homo sapiens","Nanjing Medical University","LC-MS","2025-04-27","2025-07-30","1"
"ST003894","Postprandial Plasma Lipidomic Changes in 24 Metabolically Healthy Individuals Following Ingestion of Four Different Isocaloric Macronutrients","Homo sapiens","Nanjing Medical University","LC-MS","2025-04-27","2025-07-30","1"
"ST003882","Lipidomic alterations after a single session with ayahuasca in health and depression: a randomized placebo-controlled trial","Homo sapiens","University of Campinas","LC-MS","2025-04-25","2025-05-16","1"
"ST003874","A human milk oligosaccharide alters the microbiome, circulating hormones, and metabolites in a randomized controlled trial of older individuals","Homo sapiens","Stanford University","LC-MS","2025-04-14","2025-04-25","1"
"ST003853","Exploring Metabolomic Profiles in Vitamin D Deficient and Obese Individuals","Homo sapiens","Sharjah Institute for Medical Research","LC-MS","2025-04-02","2025-05-01","1"
"ST003852","METabolome-wide Association Study of the of Asian Women and their Offspring’s Development and Environmental Exposures (META SAWASDEE)","Homo sapiens","Emory University","LC-MS","2025-04-02","2026-07-15","1"
"ST003815","Serum metabolic fingerprints encode functional biomarkers for ovarian cancer diagnosis: a large-scale cohort study","Homo sapiens","Shanghai Jiao Tong University","MALDI-MS","2025-03-24","2025-03-27","1"
"ST003811","Characterisation of the gut microbiome in hypertensive and type II diabetic populations in different regions of Xinjiang","Homo sapiens","Xinjiang University","LC-MS","2025-03-17","2025-04-25","1"
"ST003810","Longitudinal multi-omics analysis of cord blood and childhood serum in Autism Spectrum Disorder (Positive mode)","Homo sapiens","University College Cork","LC-MS","2025-03-19","2025-04-18","1"
"ST003809","Longitudinal multi-omics analysis of cord blood and childhood serum in Autism Spectrum Disorder (Negative mode)","Homo sapiens","University College Cork","LC-MS","2025-02-28","2025-04-18","1"
"ST003807","A lipidomic exploration of the effects of high-intensity interval exercise in healthy men after metformin intake","Homo sapiens","University CEU San Pablo","LC-MS","2025-03-14","2025-03-21","1"
"ST003806","Selective Influence of Hemp Fiber Ingestion on Post-Exercise Gut Permeability: A Metabolomics-Based Analysis","Homo sapiens","Appalachian State University","LC-MS","2025-03-11","2026-03-11","1"
"ST003794","Metabolomics characterization of blood samples from patients with maple syrup urine disease (MSUD) in comparison to healthy controls","Homo sapiens","University of Colorado Denver","LC-MS","2025-03-10","2025-06-05","1"
"ST003793","Oxylipins in blood samples from patients with maple syrup urine disease (MSUD) in comparison to healthy controls","Homo sapiens","University of Colorado Denver","LC-MS","2025-03-10","2025-06-05","1"
"ST003792","Untargeted lipidomics characterization of blood samples from patients with maple syrup urine disease (MSUD) in comparison to healthy controls","Homo sapiens","University of Colorado Denver","LC-MS","2025-03-10","2025-06-05","1"
"ST003791","Associations between lipoprotein subclasses and cardiovascular health in ageing","Homo sapiens","Nanyang Technological University","NMR","2025-03-09","2025-03-14","1"
"ST003780","Dengue Virus infection in infants: serum metabolomics profiling for biomarker discovery","Homo sapiens","Escuela Superior Politécnica del Litoral (ESPOL)","LC-MS","2024-09-09","2025-09-09","1"
"ST003770","Metabolomics profiling of ovarian cancer ascites, patient plasma, and healthy donor plasma","Homo sapiens","University of Pennsylvania","LC-MS","2025-02-24","2026-05-08","1"
"ST003751","Comprehensive Lipidomic Analysis Identifies Critical Lipid and Metabolic Pathway Shifts in Alport Syndrome","Homo sapiens","Universidad CEU San Pablo","LC-MS","2025-02-21","2025-03-17","1"
"ST003740","Distinct metabolic signatures in non-small cell lung cancer subtype: metabolomics and lipidomics for accurate differentiation of adenocarcinoma and squamous cell carcinoma","Homo sapiens","Wenzhou Medical University","LC-MS","2025-02-10","2026-01-02","1"
"ST003710","Integrating Metagenomics and Metabolomics to Study the Gut Microbiome and Host Relationships in Sports Across Different Energy Systems","Homo sapiens","Universidad del Rosario","LC-MS","2025-01-29","2025-02-28","1"
"ST003705","Lipid Metabolite Profiling of nontuberculous mycobacterial pulmonary disease","Homo sapiens","Seoul National University College of Medicine and Hospital","LC-MS","2025-01-30","2025-06-02","1"
"ST003699","Perturbed pediatric circulating metabolome in mild and severe dengue disease","Homo sapiens","Colorado State University","LC-MS","2025-01-28","2025-09-29","1"
"ST003686","Characterization of the transpulmonary metabolome at the intersection of pulmonary vascular disease and exercise","Homo sapiens","University of Colorado Anschutz Medical Campus","LC-MS","2025-01-13","2025-02-17","1"
"ST003674","Metabolomic and lipoproteomic differences and similarities among different types of pneumonia","Homo sapiens","University of Florence","NMR","2025-01-16","2025-02-11","1"
"ST003671","Discovery of Metabolic Biomarkers for Gestational Diabetes Mellitus: An In-Depth Metabolomics Investigation Utilizing Mass Spectrometry  ","Homo sapiens","Sharjah Institute for Medical Research","LC-MS","2025-01-07","2025-07-07","1"
"ST003670","Human gut microbiome correlates with serum lipids in clinical sepsis - part 4, batch RQ00663 (2023)","Homo sapiens","Leibniz Institute for Natural Product Research and Infection Biology Hans Knöll Institute","LC-MS","2024-12-17","2026-03-30","1"
"ST003669","Human gut microbiome correlates with serum semi-polar metabolites in clinical sepsis - Part 3, batch RQ00663 (2023)","Homo sapiens","Leibniz Institute for Natural Product Research and Infection Biology Hans Knöll Institute","LC-MS","2024-12-17","2026-03-30","1"
"ST003667","Human gut microbiome correlated with serum semi-polar metabolites in clinical sepsis - Part 1, batch RQ00417 (2021)","Homo sapiens","Leibniz Institute for Natural Product Research and Infection Biology Hans Knöll Institute","LC-MS","2024-12-17","2026-03-30","1"
"ST003662","Metabolome trajectory of exercise physiology- a comprehensive study of healthy male and female athletes","Homo sapiens","University of Vienna","LC-MS","2024-12-18","2025-05-14","1"
"ST003661","Lipidomics facilitates the discovery of diagnostic biomarkers in patients with chronic total occlusion during the perioperative period","Homo sapiens","Zhongshan Hospital Fudan University","LC-MS","2024-12-04","2025-01-20","1"
"ST003655","Bacteria-derived 3-hydroxydodecanoic acid induces a potent anti-tumor immune response via GPR84 receptor","Mus musculus; Homo sapiens","Universitätsspital Zürich","LC-MS","2024-12-13","2025-07-30","1"
"ST003654","Rapid and Reagent-free Analysis of Dried Blood Spot by Paper Spray Mass Spectrometry Reveals Sex: Implications in Forensic Investigations.","Homo sapiens","Indian Institute of Science Education and Research Tirupati","PSI-MS","2024-12-29","2025-01-12","1"
"ST003636","Individual glycemic responses to carbohydrates vary and reflect underlying metabolic physiology (metabolomics)","Homo sapiens","Stanford University","LC-MS","2024-11-17","2025-01-14","1"
"ST003632","Dysregulated Lipid Metabolism in African American Women Who Experienced Cardiometabolic Complications of Pregnancy","Homo sapiens","Emory University","LC-MS","2024-11-25","2025-11-26","1"
"ST003630","Individual glycemic responses to carbohydrates vary and reflect underlying metabolic physiology (Lipidomics)","Homo sapiens","Stanford University","MS(Dir. Inf.)","2024-11-18","2025-01-12","1"
"ST003616","Non-Targeted Analysis of the Chemical Exposome During Pregnancy Using High-Resolution Mass Spectrometry","Homo sapiens","NYU Grossman School of Medicine","LC-MS","2024-09-26","2024-12-30","1"
"ST003587","Comparison of Machine Learning Models for Metabolomic-Based Clinical Prediction of Preterm Birth","Homo sapiens","University of Calgary","LC-MS","2024-11-08","2024-12-12","1"
"ST003579","Landscape of Metabolic Fingerprinting for Diagnosis of Ovarian Endometriosis.","Homo sapiens","Women’s Hospital of Nanjing Medical University","LC-MS","2024-10-22","2026-07-13","1"
"ST003576","Comparison of the capillary and venous blood lipidomes- validation of the Tasso SST capillary blood collection device for circulating lipid biomarker analysis","Homo sapiens","University of Arkansas for Medical Sciences","LC-MS","2024-11-04","2024-12-06","1"
"ST003561","High serum pesticide levels are associated with increased odds of inflammatory bowel disease in a nested case-control study","Homo sapiens","Mount Sinai","GC-MS","2024-07-24","2025-07-24","1"
"ST003524","Arachidonic acid fuels inflammation by unlocking 5-LOX in macrophages after myocardial infarction","Homo sapiens","Tianjin Medical University","LC-MS","2024-10-14","2025-11-14","1"
"ST003520","Identification of Plasma Metabolomic Biomarkers of Juvenile Idiopathic Arthritis","Homo sapiens","University of Kansas","LC-MS","2024-09-09","2024-11-01","1"
"ST003514","Highly reliable LC-MS lipidomics database for efficient human plasma profiling based on NIST SRM 1950","Homo sapiens","Universidad CEU San Pablo","LC-MS","2024-07-01","2024-10-11","1"
"ST003506","Comparison of serum and interstitial fluid from patients with breast cancer-related lymphedema and healthy control subjects with NMR-based metabolomics","Homo sapiens","International Tomography Center SB RAS","NMR","2024-09-16","2024-10-03","1"
"ST003499","Metabolic analysis of ADSL deficiency patients' EBV-LCLs.","Homo sapiens","Catholic University of the Sacred Heart","LC-MS","2024-09-20","2024-10-16","1"
"ST003477","Biocrates Test","Homo sapiens","Hannover Medical School","LC-MS","2024-08-09","2024-10-03","1"
"ST003474","Impact of Cattle Feeding Systems on Beef and Human Postprandial Metabolomics – A Randomized Clinical Trial","Homo sapiens","Montana State University","LC-MS","2024-08-29","2024-09-27","1"
"ST003456","Lipidomics of human serum to support understanding of early metabolic shift in presymptomatic sepsis patients. (Part2 human lipids)","Homo sapiens","Leibniz Institute for Natural Product Research and Infection Biology Hans Knöll Institute","LC-MS","2024-08-28","2025-05-26","1"
"ST003450","Effects of LCMs on the lipid mediator profile of activated human whole blood","Homo sapiens","University of Innsbruck","LC-MS","2023-10-12","2026-01-29","1"
"ST003439","Metabolomics of human serum to support understanding of early metabolic shift in presymptomatic sepsis patients. (Part1 human metabolites)","Homo sapiens","Leibniz Institute for Natural Product Research and Infection Biology Hans Knöll Institute (Leibniz-HKI)","LC-MS","2024-08-14","2025-05-26","1"
"ST003390","In-depth profiling of biosignatures for Type 2 diabetes mellitus cohort utilizing an integrated targeted LC-MS platform","Homo sapiens","First Affiliated Hospital of Dalian Medical University","LC-MS","2024-07-18","2024-10-14","1"
"ST003368","Non-Invasive Diagnosis of Moyamoya Disease Using Serum Metabolic Fingerprints and Machine Learning","Homo sapiens","Shanghai Jiao Tong University affiliated Renji Hospital","MS(Dir. Inf.)","2024-07-14","2024-09-16","1"
"ST003349","An integrated LC-MS analysis of the biometric characteristics of different time cohorts of race walkers - targeted","Homo sapiens","First Affiliated Hospital of Dalian Medical University","LC-MS","2024-07-10","2024-08-09","1"
"ST003348","An integrated LC-MS analysis of the biometric characteristics of different time cohorts of race walkers - untargeted","Homo sapiens","First Affiliated Hospital of Dalian Medical University","LC-MS","2024-07-07","2024-08-09","1"
"ST003327","Control Of Major Bleeding After Trauma (COMBAT) Clinical Research Trial Metabolomics","Homo sapiens","University of Colorado Anschutz Medical Campus","LC-MS","2024-07-01","2024-08-08","1"
"ST003315","Randomized phase II trial of pre-operative fulvestrant with or without enzalutamide for ER+/Her2- primary breast cancer: effects on tumor immune microenvironment and clinical outcomes.","Homo sapiens","University of Colorado Anschutz Medical Campus","LC-MS","2024-06-28","2024-08-01","1"
"ST003312","Integrative analysis of serum and fecal metabolome and the microbiome that herald Crohn Disease flare - serum","Homo sapiens","Sheba hospital","LC-MS","2024-06-16","2024-08-01","1"
"ST003285","Human dermal interstitial fluid metabolomics LC-MS/MS","Homo sapiens","Jiangxi University of Chinese Medicine","LC-MS","2024-06-22","2026-06-23","1"
"ST003255","Metabolomics study to identify cause-specific biomarkers for Chronic Kidney Disease occurrence and progression in the Korean population","Homo sapiens","Seoul National University","LC-MS","2024-05-20","2026-05-20","1"
"ST003237","Plasma metabolomics of patients diagnosed with Alzheimer's Disease under Acetylcholinesterase Inhibitors treatment","Homo sapiens","University of Campinas","LC-MS","2024-05-23","2025-06-24","1"
"ST003205","Metabolic profile evolution in relapsed/refractory B-NHL patients treated with CD19.CAR-T cell therapy and implications in clinical outcome","Homo sapiens","UNIVERSITY OF SALENTO","NMR","2024-05-02","2024-06-07","1"
"ST003189","Untargeted Metabolomic Profile of Septic Shock in the Emergency Department","Homo sapiens","National Taiwan University","LC-MS","2024-05-02","2024-05-28","1"
"ST003181","Depression symptoms modifies differently plasma metabolites in pre- and post-menopausal women","Homo sapiens","Federal University of São Paulo","LC-MS","2024-04-11","2024-05-17","1"
"ST003177","A Longitudinal Study in Rheumatoid Arthritis Unveils Metabolomic Biomarkers Preceding Clinical Onset, Assessing Disease Severity, and Anticipating Treatment Response to csDMARDs","Homo sapiens","West China Hospital of Sichuan University","LC-MS","2024-04-12","2024-05-11","1"
"ST003171","Untargeted Metabolomics for Exploring Metabolomic Profile of Maple Syrup Urine Disease Sick Patients","Homo sapiens","King Saud University","LC-MS","2023-12-09","2024-04-29","1"
"ST003159","Untargeted serum metabolomics in the Parkinson's Environment and Genes (PEG) Study","Homo sapiens","University of California, Los Angeles","LC-MS","2023-12-15","2024-04-23","1"
"ST003139","Endothelial-Dependent Vascular Reactivity After Cardiopulmonary Bypass is Associated with Unique Metabolomic Signatures","Homo sapiens","Vanderbilt University","LC-MS","2024-03-21","2024-09-23","1"
"ST003138","Lipid class-specific kinetics of plasma fatty acids, oxylipins, endocannabinoids, lysophospholipids and bile acids upon a lipopolysaccharide challenge of healthy humans and their modulation by anti-oxidative supplements (Part 2/2 - positive mode)","Homo sapiens","University of Vienna","LC-MS","2024-03-24","2025-06-02","1"
"ST003137","Lipid class-specific kinetics of plasma fatty acids, oxylipins, endocannabinoids, lysophospholipids and bile acids upon a lipopolysaccharide challenge of healthy humans and their modulation by anti-oxidative supplements (Part 1/2 - negative mode)","Homo sapiens","University of Vienna","LC-MS","2024-03-18","2025-06-02","1"
"ST003136","Circulating N-lactoyl-amino acids and N-formyl-methionine reflect mitochondrial dysfunction and predict mortality in septic shock","Homo sapiens","Massachusetts General Hospital","LC-MS","2024-01-03","2025-01-05","1"
"ST003135","Metabolomic study of T effector and T regulatory cells in severe allergic patients","Homo sapiens","Universidad CEU San Pablo","LC-MS","2024-02-22","2024-08-22","1"
"ST003124","Serum metabolites in inherited retinal degenerations","Homo sapiens","National Taiwan University","LC-MS","2024-03-11","2024-03-17","1"
"ST003110","Influence of Lifestyle Factors on Epigenetic and Proteomic Biomarkers: A Cross-Sectional Comparison","Homo sapiens","Appalachian State University","LC-MS","2024-02-16","2025-02-28","1"
"ST003109","HZV029 Metabolomics","Homo sapiens","Jackson Laboratory for Genomic Medicine","LC-MS","2024-02-15","2024-05-24","1"
"ST003103","Reinforcing the Evidence of Mitochondrial Dysfunction in Long COVID Patients using a Multiplatform Mass Spectrometry-based Metabolomics Approach","Homo sapiens","Universidad CEU San Pablo","GC-MS/LC-MS","2024-02-15","2024-03-25","1"
"ST003075","HZV029 Lipidomics","Homo sapiens","Jackson Laboratory for Genomic Medicine","LC-MS","2024-02-15","2024-05-24","1"
"ST003069","Plasma instead of serum avoids critical confounding of clinical metabolomics studies by platelets (Part 3/3 - Plasma and serum metabolomics)","Homo sapiens","University of Vienna","LC-MS","2024-01-22","2024-04-12","1"
"ST003062","Identification of Plasma Metabolites and Peptides as Diagnostic Biomarkers for Psoriasis Vulgaris through HILIC-HRMS-Based Metabolomics","Homo sapiens","Guangzhou University of Chinese Medicine","LC-MS","2024-01-26","2024-08-05","1"
"ST003056","Untargeted metabolomics revealed multiple metabolic perturbations in plasma of T2D patients in response to Liraglutide - Part 2","Homo sapiens","King Faisal Specialist Hospital and Research Centre (KFSHRC)","LC-MS","2023-11-03","2024-08-05","1"
"ST003050","Plasma instead of serum avoids critical confounding of clinical metabolomics studies by platelets (Part 1)","Homo sapiens","University of Vienna","LC-MS","2024-01-17","2024-04-12","1"
"ST003049","Plasma instead of serum avoids critical confounding of clinical metabolomics studies by platelets (Part 2)","Homo sapiens","University of Vienna","LC-MS","2024-01-22","2024-04-12","1"
"ST003048","Identification and validation of serum metabolite biomarkers for endometrial cancer diagnosis","Homo sapiens","Shanghai Jiao Tong University","MS(Dir. Inf.)","2024-01-20","2024-01-23","1"
"ST003044","A High-Fat Eucaloric Diet Induces Reprometabolic Syndrome of Obesity in Normal Weight Women - lipidomics","Homo sapiens","University of Colorado Denver","LC-MS","2023-12-15","2024-02-05","1"
"ST003039","A Non-Targeted Metabolomics Comparative Study on Plasma of Pfizer and Sinopharm COVID- 19 Vaccinated individuals, Assessed by (TIMS-QTOF) Mass Spectrometry.","Homo sapiens","Sharjah Institute for Medical Research","LC-MS","2024-01-02","2024-01-31","1"
"ST003031","Early time-restricted eating improves markers of cardiometabolic health but has no impact on nutrient absorption in healthy adults","Homo sapiens","California Polytechnic State University, San Luis Obispo","LC-MS","2023-12-15","2024-01-23","1"
"ST003026","Untargeted Metabolomics Reveals Unique Biomolecular Signatures in Overweight and Obesity Using UHPLC-ESI-QTOF-MS Analysis","Homo sapiens","Sharjah Institute for Medical Research","LC-MS","2023-12-25","2024-05-28","1"
"ST003013","NMR- and MS-based omics reveal characteristic metabolome atlas and optimize biofluid earlydiagnostic biomarkers for esophageal squamous cell carcinoma (part-Ⅱ)","Homo sapiens","Shantou University Medical College","NMR","2023-12-15","2024-02-08","1"
"ST003012","A High-Fat Eucaloric Diet Induces Reprometabolic Syndrome of Obesity in Normal Weight Women - metabolomics","Homo sapiens","University of Colorado Denver","LC-MS","2023-12-14","2024-01-02","1"
"ST002993","Identifying subgroups of childhood obesity by using multiplatform metabotyping","Homo sapiens","Universidad CEU San Pablo","GC-MS/LC-MS","2023-11-07","2023-12-04","1"
"ST002984","Amino acid catabolite markers for early prognostication of pneumonia in patients with COVID-19","Homo sapiens","Kyoto University","LC-MS","2023-11-16","2023-12-04","1"
"ST002955","Untargeted metabolomics analysis of plasma from viremic non-progressors (VNP), progressors, and healthy control (HC) patients using high-resolution, high-performance LC-MS/MS analysis.","Homo sapiens","IrsiCaixa","LC-MS","2023-11-02","2024-10-16","1"
"ST002949","Serum metabolomics reveals metabolic profile and potential biomarkers of ankylosing spondylitis","Homo sapiens","Ningxia Medical University","LC-MS","2023-09-15","2023-11-15","1"
"ST002948","Multi-omics Approach Reveals a Specific Profile in Severe Asthmatic Patients Treated with Mepolizumab or Omalizumab","Homo sapiens","CEMBIO","LC-MS","2023-10-27","2025-01-20","1"
"ST002940","Environmental Exposure in the New Hampshire Birth Cohort Study","Homo sapiens","Dartmouth College","LC-MS","2023-10-19","2024-10-21","1"
"ST002938","Role of PI3K in Atrial Myopathy: Insights from Transgenic Mouse Models and Identification of a Dysregulated PI3K Lipid Profile in Individuals with Atrial Fibrillation - part 1 of 2, human plasma","Homo sapiens","Baker Heart and Diabetes Institute","LC-MS","2023-10-11","2025-01-12","1"
"ST002937","Deep Metabolic Phenotyping of Newborn Cord Blood Reveals Maternal-Fetal Interactions and Disease Risk","Homo sapiens","Stanford University","LC-MS/MS(Dir. Inf.)","2023-08-31","2023-11-10","1"
"ST002934","Metabolic profiling of newborn DBS samples associated with transit and false elevation of glutarylcarnitine (C5DC)","Homo sapiens","King Faisal Specialist Hospital and Research Centre (KFSHRC)","LC-MS","2023-09-11","2024-04-02","1"
"ST002921","Metabolomic Characteristics of Nontuberculous Mycobacterial Pulmonary Disease","Homo sapiens","Seoul National University College of Medicine and Hospital","LC-MS","2023-10-05","2024-01-31","1"
"ST002909","Plasma metabolomics reveals distinct biological and diagnostic signatures for melioidosis","Homo sapiens","University of Washington","LC-MS","2023-10-03","2023-10-17","1"
"ST002903","Identification and targeting of microbial putrescine acetylation in bloodstream infections","Homo sapiens","Broad Institute of MIT and Harvard","LC-MS","2023-10-02","2023-10-16","1"
"ST002873","The ganglioside GM3 protects against abdominal aortic aneurysm (AAA) by suppressing ferroptosis","Homo sapiens","Tianjin Medical University","LC-MS","2023-09-20","2024-01-01","1"
"ST002871","Role of environmental toxicants in obesity-related cardiovascular disease- Part 2 GC-MS analysis of plasma","Homo sapiens","Boston University","GC-MS","2023-09-03","2025-08-20","1"
"ST002861","Gut Microbiota-associated Metabolites Affected the Susceptibility to Heart Health Abnormality in Young Migrants at High-altitude-Human Serum Metabolomics","Homo sapiens","Shanghai Center for Systems Biomedicine, Shanghai Jiaotong University","LC-MS","2023-08-30","2023-09-27","1"
"ST002858","Intracerebroventricular Transplantation of Foetal Allogeneic Neural Stem Cells in Patients with Secondary Progressive Multiple Sclerosis (hNSC-SPMS): a phase I dose-escalation clinical trial - Metabolomics Analysis of Human Serum","Homo sapiens","University of Colorado Anschutz Medical Campus","LC-MS","2023-09-11","2023-09-27","1"
"ST002845","Methylprednisolone therapy induces differential metabolic trajectories in severe COVID-19 patients","Homo sapiens","Federal University of Goiás","LC-MS","2023-08-30","2023-09-15","1"
"ST002829","Nucleotide, phospholipid, and kynurenine metabolites are robustly associated with COVID-19 severity and time of plasma sample collection in a prospective cohort study","Homo sapiens","National Institutes of Health","LC-MS","2023-08-24","2023-09-19","1"
"ST002827","Multi-assay nutritional metabolomics profiling of low vitamin A status versus adequacy is characterized by reduced plasma lipid mediators among lactating women in the Philippines: A pilot study.","Homo sapiens","California Polytechnic State University, San Luis Obispo","LC-MS","2023-03-24","2023-09-14","1"
"ST002826","Cold-stimulated brown adipose tissue activation is related to changes in serum metabolites relevant to NAD+ metabolism in humans","Homo sapiens","University of Turku","LC-MS","2023-08-10","2023-09-11","1"
"ST002820","Evaluation of Novel Candidate Filtration Markers from a Global Metabolomics Discovery for Glomerular Filtration Rate Estimation (AASKG1)","Homo sapiens","Tufts Medical Center","LC-MS","2023-08-17","2023-09-06","1"
"ST002819","Evaluation of Novel Candidate Filtration Markers from a Global Metabolomics Discovery for Glomerular Filtration Rate Estimation (MDRD)","Homo sapiens","Tufts Medical Center","LC-MS","2023-08-17","2023-09-06","1"
"ST002818","Evaluation of Novel Candidate Filtration Markers from a Global Metabolomics Discovery for Glomerular Filtration Rate Estimation (ALTOLD)","Homo sapiens","Tufts Medical Center","LC-MS","2023-06-29","2023-09-06","1"
"ST002811","Metabolomics panel associated with cystic fibrosis-related diabetes towards biomarker discovery","Homo sapiens","King Faisal Specialist Hospital and Research Centre (KFSHRC)","LC-MS","2023-08-10","2024-08-05","1"
"ST002796","Comparison of different blood samples (whole blood, serum and plasma)","Homo sapiens","McGill University","LC-MS","2023-07-25","2024-01-01","1"
"ST002773","A nested case-control study of untargeted plasma metabolomics and lung cancer risk among never-smoking women in Shanghai Women’s Health Study","Homo sapiens","Emory University","LC-MS","2023-06-19","2024-02-28","1"
"ST002767","Metabolomic analysis of maternal mid-gestation plasma and cord blood: oxylipins","Homo sapiens","Columbia University","LC-MS","2023-06-29","2023-07-22","1"
"ST002764","Identification of pre-diagnostic lipid sets associated with liver cancer risk using untargeted lipidomics and chemical set analysis – a nested case-control study within the ATBC cohort","Homo sapiens","Icahn School of Medicine at Mount Sinai","LC-MS","2023-06-28","2023-07-03","1"
"ST002750","A Comprehensive Metabolomics Profile for Newborns with Maple syrup urine disease","Homo sapiens","King Saud University","LC-MS","2023-05-29","2023-07-18","1"
"ST002735","Untargeted metabolomics revealed multiple metabolic perturbations in plasma of T2D patients in response to Liraglutide","Homo sapiens","King Faisal Specialist Hospital and Research Centre (KFSHRC)","LC-MS","2023-05-29","2023-07-02","1"
"ST002733","Plasma metabolic fingerprints for large-scale screening and personalized risk stratification of metabolic syndrome","Homo sapiens","Shanghai Jiao Tong University affiliated Renji Hospital","MALDI-MS","2023-05-21","2023-06-15","1"
"ST002732","Impaired metabolism predicts coronary artery calcification in women with systemic lupus erythematosus","Homo sapiens","INSERM","LC-MS","2023-06-07","2023-06-25","1"
"ST002722","Cirrhosis-related metabolomics study","Homo sapiens","University of British Columbia","LC-MS","2023-05-30","2023-06-12","1"
"ST002711","Metabolomic analysis of maternal mid-gestation plasma and cord blood: biogenic amines","Homo sapiens","Columbia University","LC-MS","2023-05-19","2023-07-02","1"
"ST002702","A targeted metabolomics approach for sepsis-induced ARDS and its subphenotypes","Homo sapiens","Asan Medical Center","GC-MS/LC-MS","2023-05-15","2023-07-06","1"
"ST002700","Metabolomic analysis of maternal mid-gestation plasma and cord blood: lipidomics","Homo sapiens","Columbia University","LC-MS","2023-02-24","2023-07-02","1"
"ST002692","Per- and poly-fluoroalkyl substances (PFAS) Exposures and Child Health (PEACH) Study: Using targeted exposure assessment and untargeted metabolic profiling to characterize molecular pathways and mechanisms underlying PFAS toxicity on adverse birth and child health outcomes","Homo sapiens","Emory University","LC-MS","2023-04-26","2024-04-26","1"
"ST002681","Non-T2D vs T2D","Homo sapiens","University of Colorado Anschutz Medical Campus","LC-MS","2023-04-25","2023-10-26","1"
"ST002576","Role of environmental toxicants in obesity-related cardiovascular disease: Plasma untargeted LC-HRMS analysis (part 1 of 3)","Homo sapiens","Boston University","LC-MS","2023-04-09","2025-08-20","1"
"ST002560","Hydroxylated acylcarnitines as potential biomarkers for VLCADD newborn patients in Saudi Arabia","Homo sapiens","King Faisal Specialist Hospital and Research Centre (KFSHRC)","LC-MS","2023-04-11","2023-05-04","1"
"ST002557","Untargeted Metabolomics Identifies Biomarkers for MCADD Neonates in Dried Blood Spots","Homo sapiens","King Faisal Specialist Hospital and Research Centre (KFSHRC)","LC-MS","2023-04-11","2023-04-28","1"
"ST002554","Untargeted lipidomic analysis of blood plasma samples from drug-naïve patients with bipolar disorder and schizophrenia","Homo sapiens","University of Campinas","LC-MS","2023-04-04","2023-06-25","1"
"ST002553","Exploring the Impact of Oral Arabic Gum Consumption on Sphingolipid Metabolism and human metabolites in Chronic Kidney Disease: A Mass Spectrometry Analysis","Homo sapiens","Sharjah Institute for Medical Research","LC-MS","2023-04-09","2023-10-10","1"
"ST002552","Biomarker discovery in galactosemia: Metabolomics with UPLC/HRMS in dried blood spots","Homo sapiens","King Saud University","LC-MS","2023-03-28","2023-04-24","1"
"ST002550","Targeted metabolomics for ARDS","Homo sapiens","Asan Medical Center","LC-MS","2023-03-30","2023-07-06","1"
"ST002533","Untargeted Metabolomics on First Trimester Serum Implicates Metabolic Perturbations Associated with BMI in Development of Hypertensive Disorders: A Discovery Study","Homo sapiens","University of North Carolina at Chapel Hill","LC-MS","2023-03-22","2023-07-06","1"
"ST002521","Wide-Coverage Serum Metabolomic Profiling Reveals a Comprehensive Lipidome Signature of Ovarian Cancer.","Homo sapiens","Georgia Institute of Technology","LC-MS","2023-03-10","2023-04-12","1"
"ST002500","Plasma metabolomic signatures from patients following high-dose total body irradiation","Homo sapiens","Soochow University","GC-MS/LC-MS","2023-02-27","2024-02-28","1"
"ST002498","Plasma Metabolomics Profiling of 580 Patients from the Weill Cornell Medicine Early Detection Research Network Prostate Cancer Cohort","Homo sapiens","Weill Cornell Medicine","LC-MS","2023-02-24","2023-09-19","1"
"ST002496","Study of environmental toxicants and gut microbiome in relation to obesity and insulin resistance","Homo sapiens","Örebro University","LC-MS","2023-02-21","2024-02-28","1"
"ST002495","Disrupted intestinal microbiota contributes to the pathogenesis of anorexia nervosa (Part 2)","Homo sapiens","Örebro University","LC-MS","2022-05-18","2023-02-27","1"
"ST002494","Disrupted intestinal microbiota contributes to the pathogenesis of anorexia nervosa (Part 1)","Homo sapiens","Örebro University","GC-MS","2022-05-18","2023-02-27","1"
"ST002490","Simultaneous targeting of PD-1 and IL2Rβγ with radiation therapy to inhibit pancreatic cancer growth and metastasis - human plasma metabolomics","Homo sapiens","University of Colorado Denver","LC-MS","2023-02-21","2023-03-10","1"
"ST002484","Metabolomic analysis of maternal mid-gestation plasma and cord blood: primary metabolism","Homo sapiens","Columbia University","GC-MS","2023-02-21","2023-07-02","1"
"ST002480","Impact of in-utero exposures to per- and polyfluoroalkyl substances on the human fetal liver metabolome","Homo sapiens","Örebro University","LC-MS","2023-02-17","2024-01-01","1"
"ST002470","Linking bacterial metabolites to disease-associated microbes to uncover mechanisms of host-microbial interactions in intestinal inflammation. Human plasma profiling","Homo sapiens","Broad Institute of MIT and Harvard","LC-MS","2023-02-07","2024-02-12","1"
"ST002462","Tryptophan metabolites in human sera on a defined diet","Homo sapiens","Pennsylvania State University","LC-MS","2023-01-27","2023-02-06","1"
"ST002459","Comparison of metabolite profiles from matched whole blood microsamplers, whole blood dried blood spots, and plasma.","Homo sapiens","Icahn School of Medicine at Mount Sinai","LC-MS","2023-01-22","2024-01-22","1"
"ST002454","Bloody Mary (BM21)- Serial mixtures of vegetable juice /water and human plasma.","Homo sapiens","Jackson Laboratory for Genomic Medicine","LC-MS","2022-06-27","2023-02-01","1"
"ST002443","Characterizing the intrauterine environment via untargeted metabolomics profiling of maternal blood collected during pregnancy (ARCH Cohort)","Homo sapiens","Michigan State University","LC-MS","2023-01-17","2024-01-16","1"
"ST002441","Impacts of interactions between environmental chemical exposures and diet on gut microbiota and microbiota-derived metabolites in mothers and children (MARCH Cohort)","Homo sapiens","Wayne State University","LC-MS","2023-01-12","2024-01-12","1"
"ST002440","Impacts of interactions between environmental chemical exposures and diet on gut microbiota and microbiota-derived metabolites in mothers and children (MAAP Cohort)","Homo sapiens","Wayne State University","LC-MS","2023-01-12","2024-01-12","1"
"ST002439","Characterizing the intrauterine environment via untargeted metabolomics profiling of maternal blood collected during pregnancy (PETALS Cohort)","Homo sapiens","Kaiser Permanente","LC-MS","2023-01-12","2024-01-12","1"
"ST002432","Metabolic impacts of metformin to seasonal influenza vaccination: a pilot study of drug interaction with the immune response","Homo sapiens","Jackson Laboratory for Genomic Medicine","LC-MS","2023-01-04","2023-01-20","1"
"ST002428","Mass Spectrometry-based Proteomic and Metabolomic profiling of serum samples for discovery and validation of Tuberculosis diagnostic biomarker signature","Homo sapiens","ITQB NOVA","LC-MS","2022-10-04","2023-01-20","1"
"ST002427","Dansylated Human Plasma at Known Light-Heavy Mixing Ratios","Homo sapiens","University of North Carolina Greensboro","LC-MS","2022-12-21","2023-01-20","1"
"ST002420","Colorectal cancer isobaric labeling for metabolite quantification","Homo sapiens","University of Wisconsin-Madison","LC-MS","2022-12-28","2023-03-31","1"
"ST002418","Serum metabolomics and lipidomics profiling in iliac arteriovenous fistula creation in clinical patients: part 2","Homo sapiens","University of Florida","NMR","2022-12-22","2023-12-22","1"
"ST002417","Serum metabolomics and lipidomics profiling in iliac arteriovenous fistula creation in clinical patients: part 1","Homo sapiens","University of Florida","NMR","2022-12-22","2023-12-22","1"
"ST002404","Profiling Metabolites and Lipoproteins in COMETA, an Italian Cohort of COVID-19 patients-part 2","Homo sapiens","University of Florence","NMR","2022-11-09","2023-11-09","1"
"ST002402","Four-dimensional trapped ion mobility spectrometry lipidomics for high throughput clinical profiling of human blood samples","Homo sapiens","University Medical Center of Mainz","LC-MS","2022-12-07","2023-01-04","1"
"ST002391","Evaluation of Two Simultaneous Metabolomic and Proteomic Extraction Protocols Assessed by Ultra-High-Performance Liquid Chromatography Tandem Mass Spectrometry","Homo sapiens","Sharjah Institute for Medical Research","LC-MS","2022-12-06","2023-01-06","1"
"ST002351","Characterizing the intrauterine environment via untargeted metabolomics profiling of maternal blood collected during pregnancy (Atlanta ECHO Cohort)","Homo sapiens","Emory University","LC-MS","2022-11-14","2023-11-14","1"
"ST002336","Characterizing the intrauterine environment via untargeted metabolomics profiling of maternal blood collected during pregnancy (Project Viva)","Homo sapiens","Harvard Pilgrim Health Care Institute","LC-MS","2022-10-21","2023-11-03","1"
"ST002332","Plasma metabolomic profiling of individuals with autism spectrum disorder and their family members.","Homo sapiens","Boston Children's Hospital","LC-MS","2022-10-14","2023-10-14","1"
"ST002331","Comprehensive characterization of putative genetic influences on plasma metabolome in a pediatric cohort","Homo sapiens","Boston Children's Hospital","LC-MS","2022-10-13","2023-04-13","1"
"ST002302","Integrated metabolomics and lipidomics study of patients with atopic dermatitis in response to dupilumab","Homo sapiens","Peking Union Medical College Hospital, Chinese Academy of Medical Sciences","GC-MS/LC-MS","2022-10-01","2022-10-18","1"
"ST002301","Serum metabolomics profiling identifies new predictive biomarkers for disease severity in COVID-19 patients","Homo sapiens","Sharjah Institute for Medical Research","LC-MS","2022-09-21","2023-03-01","1"
"ST002300","Characterizing the intrauterine environment via untargeted metabolomics profiling of maternal blood collected during pregnancy (Healthy Start Cohort)-Part 2","Homo sapiens","University of Colorado Anschutz Medical Campus","LC-MS","2022-09-12","2023-10-02","1"
"ST002299","Characterizing the intrauterine environment via untargeted metabolomics profiling of maternal blood collected during pregnancy (Healthy Start Cohort)-Part 1","Homo sapiens","University of Colorado Anschutz Medical Campus","LC-MS","2022-09-08","2023-10-02","1"
"ST002296","Comprehensive biotransformation analysis of phenylalanine-tyrosine metabolism reveals alternative routes of metabolite clearance in nitisinone-treated alkaptonuria (Serum metabolomic analysis)","Homo sapiens","University of Liverpool Institute of Life Course & Medical Sciences","LC-MS","2022-09-26","2022-10-14","1"
"ST002291","Integrated metabolic and inflammatory signatures associated with severity, fatality, and recovery of COVID-19","Homo sapiens","Federal University of Goiás","LC-MS","2022-09-08","2022-10-19","1"
"ST002269","Targeted plasma metabolomics in pediatric NAFLD patients","Homo sapiens","Seoul National University College of Medicine and Hospital","LC-MS/MS(Dir. Inf.)","2022-08-07","2023-08-07","1"
"ST002256","Metabolomics and metagenomics of pediatric obesity (Serum)","Homo sapiens","Seoul National University College of Medicine and Hospital","GC-MS","2022-06-27","2023-01-04","1"
"ST002251","Untargeted metabolomics on plasma from children with asthma, comparing exacerbation-prone to non-exacerbation-prone","Homo sapiens","Emory University","LC-MS","2022-07-25","2023-01-02","1"
"ST002250","Ramadan diurnal intermittent fasting is associated with significant plasma metabolomics changes in overweight and obese subjects: A prospective cohort study","Homo sapiens","University of Sharjah","LC-MS","2022-07-24","2022-12-22","1"
"ST002244","Metabolomics analysis of Friedreich's ataxia (FRDA) (part I)","Homo sapiens","University of Pennsylvania","LC-MS","2022-07-29","2022-08-22","1"
"ST002243","Lipidomics analysis of Friedreich's ataxia (FRDA) (part II)","Homo sapiens","University of Pennsylvania","LC-MS","2022-07-29","2022-08-22","1"
"ST002238","LC-HRMS based plasma metabolomics analysis for biomarker discovery of neuroblastoma: 3-O-methyldopa is a new biomarker of poor prognosis of metastatic disease","Homo sapiens","Istituto Giannina Gaslini","LC-MS","2021-10-15","2022-08-17","1"
"ST002235","Application of Artificial Intelligence to Plasma Metabolomics Profiles to Predict Response to Neoadjuvant Chemotherapy in Triple-Negative Breast Cancer","Homo sapiens","University of Texas MD Anderson Cancer Center","LC-MS","2022-05-26","2022-08-10","1"
"ST002233","Batch variation of large scale LC-MS metabolomics analysis of human plasma samples","Homo sapiens","Jackson Laboratory for Genomic Medicine","LC-MS","2022-04-11","2022-11-01","1"
"ST002200","Human Trisome Project Plasma Metabolomics v1","Homo sapiens","University of Colorado Denver","LC-MS","2022-06-15","2023-06-15","1"
"ST002196","Metabolic signature of idiopathic inflammatory myopathy","Homo sapiens","Seoul National University","LC-MS","2022-06-09","2022-07-14","1"
"ST002194","Metabolic profiling at COVID-19 onset shows disease severity and sex-specific dysregulation","Homo sapiens","CEMBIO","GC-MS/LC-MS","2022-06-09","2022-06-17","1"
"ST002183","Individualized exercise intervention for people with multiple myeloma improves quality of life in a randomized controlled trial","Homo sapiens","QIMR Berghofer Medical Research Institute","LC-MS","2022-06-01","2024-02-05","1"
"ST002180","Global, distinctive and personal changes in molecular and microbial profiles induced by specific fibers in humans (Targeted)","Homo sapiens","Stanford University","LC-MS","2022-03-18","2022-07-15","1"
"ST002141","Nicotinamide riboside improves muscle mitochondrial biogenesis, satellite cell differentiation and gut microbiota composition in a twin study","Homo sapiens","University of Helsinki","LC-MS","2022-04-12","2024-12-31","1"
"ST002135","Alignment and Analysis of a Disparately Acquired Multi-Batch Metabolomics Study of Maternal Pregnancy Samples. (Part 2)","Homo sapiens","University of Michigan","LC-MS","2022-04-13","2022-05-02","1"
"ST002134","Alignment and Analysis of a Disparately Acquired Multi-Batch Metabolomics Study of Maternal Pregnancy Samples (Part 1)","Homo sapiens","University of Michigan","LC-MS","2022-04-13","2022-05-02","1"
"ST002133","Metabolite variation in the blood serum of HIV carrier patients treated with effervescent glutamine","Homo sapiens","University of Campinas","NMR","2022-03-31","2022-04-27","1"
"ST002118","Exposures to Metals in Pregnant Women and the Impact on Fetal Development and Birth Outcomes in Suriname","Homo sapiens","University of Pittsburgh","LC-MS","2022-03-22","2023-03-22","1"
"ST002113","Metabolomic analyses redefine the biological classification of pancreatic cancer: From clinical stage to metabolic subtype","Homo sapiens","Xiamen University","NMR","2022-03-04","2022-03-22","1"
"ST002112","Global, distinctive and personal changes in molecular and microbial profiles induced by specific fibers in humans (Untargeted)","Homo sapiens","Stanford University","LC-MS","2022-05-06","2023-03-13","1"
"ST002110","Towards a mechanistic understanding of patient response to neoadjuvant SBRT with anti-PDL1 in human HPV-unrelated locally advanced HNSCC: Phase I/Ib trial results (Part 2)","Homo sapiens","University of Colorado Denver","LC-MS","2022-03-09","2022-04-04","1"
"ST002109","Towards a mechanistic understanding of patient response to neoadjuvant SBRT with anti-PDL1 in human HPV-unrelated locally advanced HNSCC: Phase I/Ib trial results (Part 1)","Homo sapiens","University of Colorado Denver","LC-MS","2022-03-09","2022-04-04","1"
"ST002100","Functional metabolomics-based molecular profiling of acute and chronic hepatitis (Human Serum Metabolomics)","Homo sapiens","Shanghai Center for Systems Biomedicine, Shanghai Jiaotong University","LC-MS","2022-03-10","2022-03-25","1"
"ST002091","Serum lipids are associated with nonalcoholic fatty liver disease: a pilot case-control study in Mexico","Homo sapiens","University of California, Los Angeles","MS(Dir. Inf.)","2022-02-09","2022-03-18","1"
"ST002089","Plasma metabolomic signatures of COPD: A metabolomic severity score for airflow obstruction and emphysema.","Homo sapiens","National Jewish Health","LC-MS","2022-02-08","2022-03-09","1"
"ST002088","Plasma Metabolomic signatures of COPD in a SPIROMICS cohort: A metabolomic severity score for airflow obstructions and emphysema","Homo sapiens","National Jewish Health","LC-MS","2022-02-14","2022-03-04","1"
"ST002087","Profiling metabolites and lipoproteins in COMETA, an Italian cohort of COVID-19 patients","Homo sapiens","University of Florence","NMR","2022-02-17","2022-03-16","1"
"ST002086","Serum NMR profiling reveals differential alterations in the lipoproteome induced by Pfizer-BioNTech vaccine in COVID-19–recovered subjects and naïve subjects","Homo sapiens","University of Florence","NMR","2022-02-14","2022-02-28","1"
"ST002081","Dynamic Lipidome Alterations Associated with Human Health, Disease, and Aging","Homo sapiens","Stanford University","MS(Dir. Inf.)","2022-10-13","2023-05-05","1"
"ST002050","Perfluoroalkyl Compounds and Child Metabolic Health (Project Viva)","Homo sapiens","Harvard Pilgrim Health Care Institute","LC-MS","2021-12-23","2022-12-23","1"
"ST002049","Perfluoroalkyl Compounds and Child Metabolic Health - Healthy Start Cohort","Homo sapiens","University of Colorado Anschutz Medical Campus","LC-MS","2021-12-22","2022-12-22","1"
"ST002044","An observational study of cardiovascular patients in India","Homo sapiens","Translational Health Science And Technology Institute (THSTI)","LC-MS","2021-12-22","2022-02-08","1"
"ST002029","Metabolomics Analysis of Blood Plasma and Stool from Six Week Flaxseed Dietary Intervention in Postmenopausal Women (Serum/Bile acids)","Homo sapiens","University of California, Davis","LC-MS","2021-12-21","2023-01-02","1"
"ST002027","Metabolomics Analysis of Blood Plasma and Stool from Six Week Flaxseed Dietary Intervention in Postmenopausal Women (Serum/HILIC)","Homo sapiens","University of California, Davis","LC-MS","2021-12-21","2023-01-02","1"
"ST002025","Metabolomics Analysis of Blood Plasma and Stool from Six Week Flaxseed Dietary Intervention in Postmenopausal Women (Serum/GC)","Homo sapiens","University of California, Davis","GC-MS","2021-12-21","2023-01-02","1"
"ST002022","A Sentinel Serum Quality Management Program for NMR Metabolomics","Homo sapiens","University of Michigan","NMR","2021-11-30","2022-01-06","1"
"ST002019","TIPs Metabolomics (blood)","Homo sapiens","Vanderbilt University Medical Center","LC-MS","2021-12-13","2022-02-02","1"
"ST002017","Multi-omic analysis of the microbiome and metabolome in healthy subjects (blood)","Homo sapiens","Vanderbilt University Medical Center","LC-MS","2021-12-13","2022-01-17","1"
"ST002016","Metabolomics of COVID patients","Homo sapiens","University of Virginia","LC-MS","2021-12-14","2022-07-29","1"
"ST002015","Dysregulated Alanine as a Potential Predictive Marker of Glioma—An Insight from Untargeted HRMAS-NMR and Machine Learning Data","Homo sapiens","University of the Punjab","NMR","2021-10-26","2022-06-01","1"
"ST002003","A case-control study on plasma metabolomics analysis in Myalgic encephalomyelitis/chronic fatigue syndrome (ME/CFS) (Part 4)","Homo sapiens","Columbia University","LC-MS","2021-11-23","2021-12-08","1"
"ST002002","A case-control study on plasma metabolomics analysis in Myalgic encephalomyelitis/chronic fatigue syndrome (ME/CFS) (Part 3)","Homo sapiens","Columbia University","LC-MS","2021-11-23","2021-12-08","1"
"ST002001","A case-control study on plasma metabolomics analysis in Myalgic encephalomyelitis/chronic fatigue syndrome (ME/CFS) (Part 2)","Homo sapiens","Columbia University","LC-MS","2021-11-22","2021-12-08","1"
"ST002000","A case-control study on plasma metabolomics analysis in Myalgic encephalomyelitis/chronic fatigue syndrome (ME/CFS) (Part 1)","Homo sapiens","Columbia University","GC-MS","2021-11-22","2021-12-08","1"
"ST001993","CE-MS based metabolomics to study plasma samples that reveal new pathways implicated in SARS-CoV-2 pathogenesis","Homo sapiens","Universidad CEU San Pablo","LC-MS","2021-11-16","2021-12-05","1"
"ST001991","Dynamics of bile acid metabolism between the host and gut microbiome in progression to islet autoimmunity (Blood)","Homo sapiens","University of Turku","LC-MS","2021-11-01","2023-01-31","1"
"ST001964","Quantitative genome-scale analysis of human liver reveals dysregulation of glycosphingolipid pathways in progressive nonalcoholic fatty liver disease","Homo sapiens","University of Turku","GC-MS","2021-02-18","2022-01-03","1"
"ST001949","Plasma Metabolome Normalization in Rheumatoid Arthritis following initiation of Methotrexate and the Identification of Metabolic Biomarkers of Efficacy","Homo sapiens","University of Kansas","GC-MS","2021-10-20","2022-11-07","1"
"ST001948","Metabolites Associated with Gestational Diabetes in Plasma","Homo sapiens","California Polytechnic State University","LC-MS","2021-10-13","2021-11-04","1"
"ST001946","Bipolar disorder metabolomics analysis using FiehnLib and GMD for curation","Homo sapiens","University of Campinas","GC-MS","2021-10-11","2021-11-04","1"
"ST001937","Comprehensive plasma metabolomics and lipidomics based management of benign and malignant solitary pulmonary nodules","Homo sapiens","China Pharmaceutical University","GC-MS/LC-MS","2021-09-11","2023-09-11","1"
"ST001933","Absolute quantification of plasma cytokines and metabolome reveals the glycylproline regulating antibody-fading in convalescent COVID-19 patients","Homo sapiens","Hong Kong Baptist University","LC-MS","2021-09-30","2022-07-25","1"
"ST001932","Perfluorinated compounds and high fat diet in relation to CVD-relevant metabolomic pathways in the SEARCH for Diabetes in Youth study","Homo sapiens","Emory University","LC-MS","2021-10-06","2022-10-07","1"
"ST001931","Pesticides, Perfluorinated compounds and the development of adolescents in agricultural communities","Homo sapiens","Emory University","LC-MS","2021-10-06","2022-10-07","1"
"ST001930","Integrated molecular response of exposure to traffic-related pollutants in the US trucking industry","Homo sapiens","Icahn School of Medicine at Mount Sinai","LC-MS","2021-09-30","2021-10-29","1"
"ST001925","MS Untargeted Metabolomics from Human Serum","Homo sapiens","University of Zurich","LC-MS","2021-09-21","2022-01-02","1"
"ST001918","Metabolome-wide association study of occupational exposure to benzene","Homo sapiens","Icahn School of Medicine at Mount Sinai","LC-MS","2021-08-26","2021-10-02","1"
"ST001908","Post Acute Myocardial Infarction Left Ventricular Remodeling Bio marker Analysis (PAMILA)","Homo sapiens","National University of Singapore","LC-MS","2021-08-15","2022-01-21","1"
"ST001906","Metabolomic profiling of plasma in diabetes patients","Homo sapiens","Osaka University","GC-MS","2021-08-15","2022-12-09","1"
"ST001889","Multiomics Longitudinal Modeling of Preeclamptic Pregnancies (part I)","Homo sapiens","Stanford University","LC-MS","2021-07-26","2022-07-26","1"
"ST001874","Metabolomics analysis of multiple samples on Agilent 6546-Part 1","Homo sapiens","Dalian Institute Of Chemical Physics","LC-MS","2021-06-18","2021-07-24","1"
"ST001873","Metabolomics analysis of multiple samples on AB 5600-Part 1","Homo sapiens","Dalian Institute Of Chemical Physics","LC-MS","2021-06-18","2021-07-24","1"
"ST001864","Targeting host glycolysis as a strategy for antimalarial development","Homo sapiens","University of Colorado Anschutz Medical Campus","LC-MS","2021-07-02","2021-07-24","1"
"ST001849","Longitudinal Metabolomics of Human Plasma Reveals Robust Prognostic Markers of COVID-19 Disease Severity (part I)","Homo sapiens","Washington University in St. Louis","LC-MS","2021-01-29","2021-06-30","1"
"ST001845","Identification of unique metabolite networks between Latino and Caucasian patients with nonalcoholic fatty liver disease (NAFLD) (part V)","Homo sapiens","University of California, Davis","GC-MS","2021-06-21","2021-07-05","1"
"ST001844","Identification of unique metabolite networks between Latino and Caucasian patients with nonalcoholic fatty liver disease (NAFLD) (part III)","Homo sapiens","University of California, Davis","GC-MS","2021-06-10","2021-07-05","1"
"ST001843","Identification of unique metabolite networks between Latino and Caucasian patients with nonalcoholic fatty liver disease (NAFLD) (part II)","Homo sapiens","University of California, Davis","GC-MS","2021-06-10","2021-07-05","1"
"ST001842","Identification of unique metabolite networks between Latino and Caucasian patients with nonalcoholic fatty liver disease (NAFLD) (part I)","Homo sapiens","University of California, Davis","GC-MS","2021-06-10","2021-07-05","1"
"ST001835","Use of Integrated Metabolomics, Transcriptomics, and Signal Protein Profile to Characterize the Effector Function and Associated Metabotype of Polarized Macrophage Phenotypes","Homo sapiens","Idaho Veterans Research and Education Foundation","LC-MS","2021-06-18","2021-09-17","1"
"ST001831","Nested case–control study of environmental exposure within the ongoing Puerto Rico Testsite for Exploring Contamination Threats (PROTECT) pregnancy cohort (part II)","Homo sapiens","University of Michigan","LC-MS","2021-06-15","2021-12-15","1"
"ST001828","Nested case–control study of environmental exposure within the ongoing Puerto Rico Testsite for Exploring Contamination Threats (PROTECT) pregnancy cohort.","Homo sapiens","University of Michigan","LC-MS","2021-06-11","2021-12-15","1"
"ST001827","The pregnancy metabolome from a multi-ethnic pregnancy cohort","Homo sapiens","Icahn School of Medicine at Mount Sinai","LC-MS","2021-06-10","2021-06-28","1"
"ST001825","Metabolomic and lipidomic profiles of CKD in obese patients in serum and urine (part 2 of 3)","Homo sapiens","University Rey Juan Carlos","GC-MS","2021-04-02","2021-06-14","1"
"ST001824","Metabolomic and lipidomic profiles of CKD in obese patients in serum and urine (part 1 of 3)","Homo sapiens","University Rey Juan Carlos","LC-MS","2021-04-02","2021-06-14","1"
"ST001815","Metabolic Markers of Methotrexate Response in Juvenile Idiopathic Arthritis","Homo sapiens","University of Kansas","GC-MS/LC-MS","2021-05-18","2021-06-17","1"
"ST001814","Searching for prognostic biomarkers of Parkinson´s Disease development in the Spanish EPIC cohort through a multiplatform metabolomics approach","Homo sapiens","Universidad CEU San Pablo","GC-MS/LC-MS","2021-06-01","2021-06-17","1"
"ST001801","CHDWB human plasma exposomics analysis - 1","Homo sapiens","Emory University","GC-MS","2021-05-06","2021-05-28","1"
"ST001800","CHDWB human plasma exposomics analysis - 2","Homo sapiens","Emory University","GC-MS","2021-05-06","2021-05-28","1"
"ST001799","Recovery of internal std in SRM-1957","Homo sapiens","Emory University","GC-MS","2021-05-05","2021-05-20","1"
"ST001798","SRM1957 validation using GC-XLE (2)","Homo sapiens","Emory University","GC-MS","2021-05-05","2021-05-20","1"
"ST001797","SRM1957 validation using GC-XLE","Homo sapiens","Emory University","GC-MS","2021-05-05","2021-05-20","1"
"ST001789","Acute metabolomic changes of plasma in response to endurance exercise","Homo sapiens","University of California, San Diego","LC-MS","2021-04-21","2022-01-06","1"
"ST001787","GC-XLE method development: dSPE and MgSO4 as clean-up for sample preparation","Homo sapiens","Emory University","GC-MS","2021-05-04","2021-05-21","1"
"ST001785","The human lipidome via NMR","Homo sapiens","University of Florence","NMR","2021-04-26","2021-05-25","1"
"ST001753","Modifying Chromatography Conditions for Improved Unknown Feature Identification in Untargeted Metabolomics","Homo sapiens","University of Michigan","LC-MS","2021-09-09","2021-11-12","1"
"ST001750","Gut microbiome influence on metabolic 1 disease in HIV and high-risk populations","Homo sapiens","University of Colorado Anschutz Medical Campus","LC-MS","2021-04-24","2021-05-04","1"
"ST001749","REACH Metabolomics Study","Homo sapiens","University of Wisconsin-Madison","LC-MS","2021-04-15","2021-05-11","1"
"ST001736","The COVIDome Explorer Researcher Portal (blood plasma)","Homo sapiens","University of Colorado Anschutz Medical Campus","LC-MS","2021-03-30","2021-04-09","1"
"ST001735","The COVIDome Explorer Researcher Portal (Red Blood Cells)","Homo sapiens","University of Colorado Anschutz Medical Campus","LC-MS","2021-03-29","2021-04-09","1"
"ST001733","Understanding systemic and local inflammation induced by nasal polyposis: role of the allergic phenotype (part-I)","Homo sapiens","CEMBIO","LC-MS","2021-03-17","2021-06-17","1"
"ST001727","Metabolomics and metagenomics of metformin (Plasma)","Homo sapiens","Seoul National University","GC-MS","2021-03-16","2021-08-31","1"
"ST001720","Metabolomics Analysis of ACTG Cohort -Update (part-II)","Homo sapiens","Wistar Institute","LC-MS","2021-01-07","2021-05-25","1"
"ST001719","Metabolomics Analysis of Philadelphia Cohort - Update (part-I)","Homo sapiens","Wistar Institute","LC-MS","2021-01-07","2021-05-25","1"
"ST001716","Chemical co-exposures assessed via silicone wristbands and endogenous plasma metabolomics during pregnancy","Homo sapiens","University of North Carolina at Chapel Hill","NMR","2021-03-03","2022-03-04","1"
"ST001711","Metabolic signatures of NAFLD - Polar metabolomics data (part II)","Homo sapiens","Örebro University","GC-MS","2021-02-17","2022-01-03","1"
"ST001710","Metabolic signatures of NAFLD - Lipidomics data (part 1 of 3)","Homo sapiens","Örebro University","LC-MS","2021-02-10","2022-01-03","1"
"ST001690","Untargeted metabolomic analysis of human blood samples via qualitative GC-MS for T1D biomarker identification","Homo sapiens","Duke University","GC-MS","2021-02-09","2021-06-10","1"
"ST001686","Exposure to per- and polyfluoroalkyl substances associates with altered lipid profile of breast milk (Part 3)","Homo sapiens","University of Turku","LC-MS","2021-02-08","2021-10-02","1"
"ST001685","Exposure to per- and polyfluoroalkyl substances associates with altered lipid profile of breast milk (Part 2)","Homo sapiens","University of Turku","LC-MS","2021-02-08","2021-10-02","1"
"ST001681","Integrated trajectories of the maternal metabolome, proteome, and immunome predict labor onset","Homo sapiens","Stanford University","LC-MS","2021-02-02","2021-07-22","1"
"ST001669","Serum metabolome of Guangzhou Nutrition and Health Study (GNHS)","Homo sapiens","Westlake University","LC-MS","2020-12-30","2022-12-22","1"
"ST001656","Characterization of anaphylaxis reveals different metabolic changes depending on severity and triggers - MS (part-II)","Homo sapiens","Centre of Metabolomics and Bioanalysis","LC-MS","2021-01-15","2022-01-17","1"
"ST001655","Characterization of anaphylaxis reveals different metabolic changes depending on severity and triggers - NMR (part-I)","Homo sapiens","Centre of Metabolomics and Bioanalysis","NMR","2021-01-18","2022-01-18","1"
"ST001653","Mucosal-Associated-Invariant-T (MAIT) cells stimulated with IL-12/IL-12, anti-CD3/CD28 or both for 16 hours","Homo sapiens","Helmholtz Centre for Environmental Research","LC-MS","2021-01-12","2021-02-01","1"
"ST001644","In Vitro Characterization and Metabolomic Analysis of Cold-Stored Platelets","Homo sapiens","University of Colorado Anschutz Medical Campus","LC-MS","2021-01-08","2021-01-25","1"
"ST001642","Lipidomics in high-risk subjects for the identification of integrated biomarker signatures of type 1 diabetes","Homo sapiens","University of Miami","LC-MS","2021-01-06","2021-01-25","1"
"ST001640","Remodeling Lipids in the Transition from Chronic Liver Disease to Hepatocellular Carcinoma (Blood) - part I","Homo sapiens","University of California, Davis","GC-MS","2021-01-04","2021-01-25","1"
"ST001639","Plasma Metabolomic signatures of COPD in a SPIROMICS cohort","Homo sapiens","National Jewish Health","LC-MS","2020-12-30","2021-05-30","1"
"ST001636","TEDDY Lipidomics Study","Homo sapiens","University of South Florida","LC-MS","2020-12-21","2021-01-25","1"
"ST001522","Plasma unknowns profiled using hybrid nontargeted methods (part-IV)","Homo sapiens","Broad Institute of MIT and Harvard","LC-MS","2020-11-05","2021-08-10","1"
"ST001521","Plasma metabolites of known identity profiled using hybrid nontargeted methods (part-III)","Homo sapiens","Broad Institute of MIT and Harvard","LC-MS","2020-11-05","2021-04-01","1"
"ST001518","Metabolome analysis in the diagnosis of childhood cerebellar ataxia","Homo sapiens","CEMBIO","GC-MS/LC-MS","2020-10-20","2021-10-20","1"
"ST001517","Identification of distinct metabolic perturbations and associated immunomodulatory events during intra-erythrocytic development stage of pediatric Plasmodium falciparum malaria (part-III)","Homo sapiens","New York University Abu Dhabi","LC-MS","2020-08-25","2021-04-27","1"
"ST001516","Identification of distinct metabolic perturbations and associated immunomodulatory events during intra-erythrocytic development stage of pediatric Plasmodium falciparum malaria (part-II)","Homo sapiens","New York University Abu Dhabi","LC-MS","2020-08-25","2021-03-01","1"
"ST001515","A Metabolomic Signature of Glucagon Action in Healthy Individuals with Overweight/Obesity Humans","Homo sapiens","Translational Research Institute- AdventHealth Orlando","LC-MS","2020-10-26","2020-12-01","1"
"ST001493","Dynamic binning peak detection and assessment of various lipidomics liquid chromatography-mass spectrometry pre-processing platforms","Homo sapiens","University of Groningen","LC-MS","2020-09-25","2020-10-13","1"
"ST001490","Plasma lipidomic profiles after a low and high glycemic load dietary pattern in a randomized controlled cross over feeding study","Homo sapiens","Fred Hutchinson Cancer Research Center","FIA-MS","2020-09-10","2020-09-24","1"
"ST001450","Five Easy Metrics of Data Quality for LC-MS based Global Metabolomics","Homo sapiens","University of Washington","LC-MS","2020-08-18","2020-09-10","1"
"ST001443","Plasma metabolomic signatures of COPD","Homo sapiens","National Jewish Health","LC-MS","2020-03-19","2020-09-10","1"
"ST001440","Developing preliminary blood metabolomics-based biomarkers of insufficient sleep in humans","Homo sapiens","University of Colorado Boulder","LC-MS","2019-08-29","2021-08-09","1"
"ST001430","Metabolic dynamics and prediction og gestational ange and time to delivery in pregant women","Homo sapiens","Stanford University","LC-MS","2019-08-30","2020-07-24","1"
"ST001428","Role of environmental toxicants in modulating disease severity in children with NAFLD","Homo sapiens","Emory University","LC-MS","2020-07-17","2022-07-28","1"
"ST001423","Aspirin Metabolomics in Colorectal Cancer Chemoprevention - blood (part-III)","Homo sapiens","Emory University","LC-MS","2019-11-07","2020-07-20","1"
"ST001422","Aspirin Metabolomics in Colorectal Cancer Chemoprevention - blood (part-II)","Homo sapiens","Emory University","LC-MS","2019-10-31","2020-07-20","1"
"ST001420","Metabolomic analysis of patients with recurrent angina","Homo sapiens","University of California, San Diego","","2020-06-30","2020-07-30","1"
"ST001412","Metabolomics study in Plasma of Obese Patients with Neuropathy Identifies Potential Metabolomics Signatures","Homo sapiens","University of Michigan","LC-MS","2020-06-22","2021-06-15","1"
"ST001411","Plasma metabolites of lipid metabolism associate with diabetic polyneuropathy in a cohort with screen-tested type 2 diabetes: ADDITION-Denmark","Homo sapiens","University of Michigan","LC-MS","2020-06-22","2021-06-15","1"
"ST001408","Metabolomic profiling of baseline plasmas from a longitudinal prospective cohort of 491 active surveillance (AS) participants","Homo sapiens","University of Texas MD Anderson Cancer Center","LC-MS","2020-05-19","2020-07-02","1"
"ST001407","Environmental chemical burden in metabolic tissues and systemic biological pathways in adolescent bariatric surgery patients: A pilot untargeted metabolomic approach","Homo sapiens","Icahn School of Medicine at Mount Sinai","LC-MS","2020-06-22","2021-06-19","1"
"ST001400","Identification of distinct metabolic perturbations and associated immunomodulatory events during intra-erythrocytic development stage of pediatric Plasmodium falciparum malaria","Homo sapiens","New York University Abu Dhabi","LC-MS","2020-06-15","2021-08-10","1"
"ST001391","Metabolic Response in Patients with Post-Treatment Lyme Disease Symptoms/Syndrome","Homo sapiens","Colorado State University","LC-MS","2020-05-28","2020-09-21","1"
"ST001386","TEDDY Metabolomics Study","Homo sapiens","University of South Florida","GC-MS","2017-05-19","2020-06-30","1"
"ST001384","Plasmodium falciparum increased time in circulation underlies persistent asymptomatic infection in the dry season","Homo sapiens","Pennsylvania State University","LC-MS","2020-05-25","2020-08-20","1"
"ST001383","Investigating exposures and health impacts of endocrine disrupting chemicals among inner-city children.","Homo sapiens","University of Michigan","LC-MS","2020-03-18","2021-08-31","1"
"ST001380","Fast and sensitive flow-injection mass spectrometry metabolomics by analyzing sample specific ion distributions","Homo sapiens","Technion – Israel Institute of Technology","MS(Dir. Inf.)","2020-05-17","2020-05-22","1"
"ST001378","Global metabolomics of COPD2020","Homo sapiens","Seoul National University Hospital","LC-MS","2020-05-05","2020-11-15","1"
"ST001369","Grass pollen sublingual immunotherapy treatment induces transcriptomic and metabolic changes due to AIT treatment","Homo sapiens","Institute of Applied Molecular Medicine;The Centre of Metabolomics and Bioanalysis","GC-MS/LC-MS","2020-03-27","2020-09-29","1"
"ST001360","Maternal blood lipidomics associated with severe preeclampsia","Homo sapiens","University of Michigan","LC-MS","2020-03-31","2022-04-01","1"
"ST001354","48 hours post-treatment L-Carnitine Pharmacometabolomics in Sepsis (CaPS) Patients","Homo sapiens","University of Michigan","NMR","2020-04-09","2020-07-05","1"
"ST001335","Air Pollution, Placenta Function, and Birth Outcomes in Los Angeles in the Placental Assessment in Response to ENvironmenTal pollution study (PARENTs) cohort","Homo sapiens","Emory University","LC-MS","2020-02-20","2022-09-27","1"
"ST001325","Obesity and Poor Diet as Susceptibility Factors for Secondhand Smoke in Childhood Asthma","Homo sapiens","University of Michigan","LC-MS","2020-02-26","2022-08-02","1"
"ST001319","Pre-treatment L-Carnitine Pharmacometabolomics in Sepsis (CaPS) Patients","Homo sapiens","University of Michigan","NMR","2020-02-07","2020-09-10","1"
"ST001295","Estimating Platelet Mitochondrial Function in Patients with Sepsis - WB NMRs (part-II)","Homo sapiens","University of Michigan; University of Mississippi; University of Minnesota","NMR","2019-12-13","2020-05-26","1"
"ST001294","Estimating Platelet Mitochondrial Function in Patients with Sepsis - Platelet NMRs (part-I)","Homo sapiens","University of Michigan; University of Mississippi; University of Minnesota","NMR","2019-12-13","2020-05-26","1"
"ST001270","Necrotizing soft-tissue infections (NSTIs) metabolomics","Homo sapiens","Wageningen University & Research","GC-MS","2019-10-28","2020-01-06","1"
"ST001269","Exosomal lipids for classifying early and late stage non-small cell lung cancer","Homo sapiens","University of Kentucky","MS(Dir. Inf.)","2019-09-11","2019-10-11","1"
"ST001268","Metabolome data to annotate metabolite origins","Homo sapiens","University of Colorado Denver","LC-MS","2019-09-11","2019-10-11","1"
"ST001259","Targeted Metabolomic Analysis in Patients with Wilson Disease Reveals Dysregulated Choline, Methionine and Aromatic Amino Acid Metabolism: Implications for Hepatic and Neurological Phenotypes","Homo sapiens","University of California, Davis","LC-MS","2019-10-01","2020-04-02","1"
"ST001251","The effects of a training program encompassing cold exposure, breathing exercises, and meditation on plasma metabomics during experimental human endotoxemia","Homo sapiens","Radboud University Medical Centre","LC-MS","2019-09-16","2019-10-04","1"
"ST001243","Global Metabolic Analysis Trisomy 21 - Cohort 1","Homo sapiens","University of Colorado Denver","LC-MS","2019-08-13","2019-08-21","1"
"ST001241","Global Metabolic Analysis Trisomy 21 - Cohort 3, Plasma","Homo sapiens","University of Colorado Denver","LC-MS","2019-08-13","2019-08-21","1"
"ST001240","Global Metabolic Analysis Trisomy 21 - Cohort 2","Homo sapiens","University of Colorado Denver","LC-MS","2019-08-09","2019-08-21","1"
"ST001237","Metabolic responses to PD1 immune-checkpoint blockade and association with therapeutic benefits - Part III","Homo sapiens","Broad Institute of MIT and Harvard","LC-MS","2019-08-12","2019-08-27","1"
"ST001236","Metabolic responses to PD1 immune-checkpoint blockade and association with therapeutic benefits - Part II","Homo sapiens","Broad Institute of MIT and Harvard","LC-MS","2019-08-12","2019-08-27","1"
"ST001235","Metabolic responses to PD1 immune-checkpoint blockade and association with therapeutic benefits - Part I","Homo sapiens","Broad Institute of MIT and Harvard","LC-MS","2019-08-08","2019-08-27","1"
"ST001231","Plasma untargeted metabolomics study of pulmonary tuberculosis","Homo sapiens","Zhengjiang University","LC-MS","2019-08-05","2020-12-01","1"
"ST001226","Aquamin and Prevention of Colon Cancer (part-II)","Homo sapiens","University of Michigan","LC-MS","2019-07-23","2019-09-23","1"
"ST001223","Host Metabolic Response in Early Lyme Disease","Homo sapiens","Colorado State University","LC-MS","2019-07-02","2019-09-23","1"
"ST001217","LCMS untargeted Plasma analysis from COPD subjects","Homo sapiens","University of Colorado Anschutz Medical Campus; National Jewish Health","LC-MS","2019-07-10","2020-07-15","1"
"ST001215","Effect of Mirabegron Treatment on serum lipidome","Homo sapiens","Joslin Diabetes Center","LC-MS","2016-10-23","2019-09-23","1"
"ST001214","Lipidommics in the serum of human subjects","Homo sapiens","Joslin Diabetes Center","LC-MS","2019-07-10","2019-09-23","1"
"ST001212","Fish-oil supplementation in pregnancy, child metabolomics and asthma risk","Homo sapiens","University of Copenhagen","LC-MS","2019-07-10","2019-09-23","1"
"ST001209","MARBLES (Markers of Autism Risk in Babies: Learning Early Sign) Enriched Cohort Study:Internal Metabolomic Biomarker Exposome and Development Disorders (IMBEDD)","Homo sapiens","Emory University","LC-MS","2019-07-03","2021-08-31","1"
"ST001200","Biological Responses to Tobacco Smoke Exposure in III Children: Inflammatory Processes and the Oral Microbiome","Homo sapiens","Emory University","LC-MS","2019-06-12","2020-05-11","1"
"ST001193","MARBLES (Markers of Autism Risk in Babies: Learning Early Sign) Enriched Cohort Study:Internal Metabolomic Biomarker Exposome and Development Disorders (IMBEDD) (part 2)","Homo sapiens","Emory University","LC-MS","2019-06-11","2021-08-31","1"
"ST001181","Child Health and Development Studies womb to breast cancer F0 metabolomics","Homo sapiens","Emory University","LC-MS","2019-05-08","2019-10-11","1"
"ST001176","Metabolite changes in human plasma before and after YF17D vaccination in symptomatic and asymptomatic subjects","Homo sapiens","Duke-NUS Medical School","CE-MS","2019-04-25","2019-05-15","1"
"ST001171","Metabolomics of World Trade Center Exposed New York City Firefighters","Homo sapiens","New York University","LC-MS","2019-02-22","2021-02-26","1"
"ST001169","Alterations in serum metabolic patterns are associated with atrial fibrillation","Homo sapiens","Beijing Chaoyang Hospital","LC-MS","2019-04-11","2019-04-17","1"
"ST001162","Evaluation of computational tools using serial mixtures of human plasma and vegetable juice (part - II)","Homo sapiens","Emory University","LC-MS","2019-03-29","2019-05-15","1"
"ST001161","Evaluation of computational tools using serial mixtures of human plasma and vegetable juice (part-I)","Homo sapiens","Emory University","LC-MS","2019-03-29","2019-05-15","1"
"ST001151","4-day dietary effect of fast food vs Mediterranean diet to HDL lipidome","Homo sapiens","University of California, Davis","LC-MS","2019-03-14","2019-09-23","1"
"ST001132","Investigate the False Discovery in Biomarker Research Using LC-HRMS based Untargeted Metabolomics Profiling","Homo sapiens","University of Macau","LC-MS","2019-02-05","2020-03-03","1"
"ST001131","Presentation of different serum metabolites in trauma patients versus healthy volunteers.","Homo sapiens","Texas Tech University","LC-MS","2019-01-28","2019-03-06","1"
"ST001118","Metabolomics profiles of patients with Wilson disease reveal a distinct metabolic signature","Homo sapiens","University of California, Davis","GC-MS","2018-12-21","2019-09-23","1"
"ST001114","Metabolomics profile of umbilical cord blood is associated with maternal pre-pregnant obesity in a perspective multi-ethnic cohort displaying health disparities","Homo sapiens","University of Hawaii","LC-MS","2018-03-08","2019-01-22","1"
"ST001099","Untargeted LC-MS to compare blood collection tube and processing time – HILIC & C18","Homo sapiens","University of Colorado Denver","LC-MS","2018-02-26","2019-05-15","1"
"ST001098","Metabolomics of Metabolic Risk in Patients Taking Atypical Antipsychotics (part II)","Homo sapiens","University of Michigan","GC-MS","2018-11-15","2019-01-22","1"
"ST001097","Metabolomics of Metabolic Risk in Patients Taking Atypical Antipsychotics (part I)","Homo sapiens","University of Michigan","NMR","2018-08-30","2019-01-22","1"
"ST001083","Combined NMR and MS Analysis of PC patien serum (part-III)","Homo sapiens","Georgia Institute of Technology","NMR","2018-10-19","2019-10-11","1"
"ST001082","Combined NMR and MS Analysis of PC patien serum (part-II)","Homo sapiens","Georgia Institute of Technology","LC-MS","2018-10-19","2020-01-13","1"
"ST001081","Combined NMR and MS Analysis of PC patient serum (part-I)","Homo sapiens","Georgia Institute of Technology","LC-MS","2018-10-19","2019-10-11","1"
"ST001079","Environmental exposures and inflammation in young children with cystic fibrosis","Homo sapiens","Emory University","LC-MS","2018-10-10","2024-12-31","1"
"ST001054","Fingerprinting gastrointestinal diseases by 1H NMR","Homo sapiens","Giotto Biotech s.r.l.","NMR","2018-09-15","2018-09-27","1"
"ST001042","Non-targeted serum metabolomic profiling of prostate cancer patients (FI-TWIM-MS PCa )","Homo sapiens","Georgia Institute of Technology","FIA-MS","2018-06-07","2019-07-17","1"
"ST001037","High Resolution GC-MS and FID Metabolomics of Human Serum","Homo sapiens","Wake Forest Baptist Medical Center","GC-MS","2018-08-13","2019-01-22","1"
"ST001027","Influence of Data-Processing Strategies on Normalized Lipid Levels using an Open-Source LC-HRMS/MS Lipidomics Workflow","Homo sapiens","University of Florida","LC-MS","2018-07-25","2018-08-27","1"
"ST001018","Large Scale Profiling in Serum for Muscle Wasting in Cancer Cachexia (part-XII)","Homo sapiens","Mayo Clinic","LC-MS","2018-07-15","2020-07-15","1"
"ST001015","Acyl Carnitines Concentration in Serum for Muscle Wasting in Cancer Cachexia (part-X)","Homo sapiens","Mayo Clinic","LC-MS","2018-07-15","2020-07-15","1"
"ST001014","Sphingolipid Concentrations in Serum for Muscle Wasting in Cancer Cachexia (part-IX)","Homo sapiens","Mayo Clinic","LC-MS","2018-07-15","2020-07-15","1"
"ST001013","TCA Concentrations in Serum for Muscle Wasting in Cancer Cachexia (part-VIII)","Homo sapiens","Mayo Clinic","GC-MS","2018-07-15","2020-07-15","1"
"ST001012","Amino Acid Concentrations in Serum for Muscle Wasting in Cancer Cachexia (part-VII)","Homo sapiens","Mayo Clinic","LC-MS","2018-07-15","2020-07-15","1"
"ST001011","NEFA Panel in Serum for Muscle Wasting in Cancer Cachexia (part-VI)","Homo sapiens","Mayo Clinic","LC-MS","2018-07-15","2020-07-15","1"
"ST001004","Denver Asthma Panel Study-CHEAR Ancillary Study","Homo sapiens","Emory University","LC-MS","2018-06-21","2021-08-31","1"
"ST000998","Bile Acid of Primary Sclerosing Cholangitis (part IV)","Homo sapiens","Mayo Clinic","LC-MS","2017-07-05","2019-07-17","1"
"ST000997","Acyl Carnitines Concentrations of Primary Sclerosing Cholangitis (part III)","Homo sapiens","Mayo Clinic","LC-MS","2017-07-05","2019-07-17","1"
"ST000996","Non-Esterified Fatty Acids of Primary Sclerosing Cholangitis (part II)","Homo sapiens","Mayo Clinic","LC-MS","2017-07-05","2019-07-17","1"
"ST000995","Amino Acid Concentrations of Primary Sclerosing Cholangitis (part I)","Homo sapiens","Mayo Clinic","LC-MS","2018-07-05","2019-07-17","1"
"ST000992","Metabolomic Markers of Dietary Patterns in the Costa Rica Study","Homo sapiens","University of Michigan","LC-MS","2018-06-25","2018-08-27","1"
"ST000991","Validating Quantitative Untargeted Lipidomics Across Nine Liquid Chromatography−High-Resolution Mass Spectrometry Platforms (part IX)","Homo sapiens","University of California, Davis","LC-MS","2018-06-22","2018-07-17","1"
"ST000990","Validating Quantitative Untargeted Lipidomics Across Nine Liquid Chromatography−High-Resolution Mass Spectrometry Platforms (part VIII)","Homo sapiens","University of California, Davis","LC-MS","2018-06-22","2018-07-17","1"
"ST000989","Validating Quantitative Untargeted Lipidomics Across Nine Liquid Chromatography−High-Resolution Mass Spectrometry Platforms (part VII)","Homo sapiens","University of California, Davis","LC-MS","2018-06-22","2018-07-17","1"
"ST000988","Validating Quantitative Untargeted Lipidomics Across Nine Liquid Chromatography−High-Resolution Mass Spectrometry Platforms (part VI)","Homo sapiens","University of California, Davis","LC-MS","2018-06-22","2018-07-17","1"
"ST000987","Validating Quantitative Untargeted Lipidomics Across Nine Liquid Chromatography−High-Resolution Mass Spectrometry Platforms (part V)","Homo sapiens","University of California, Davis","LC-MS","2018-06-21","2018-07-17","1"
"ST000986","Validating Quantitative Untargeted Lipidomics Across Nine Liquid Chromatography−High-Resolution Mass Spectrometry Platforms (part IV)","Homo sapiens","University of California, Davis","LC-MS","2018-06-21","2018-07-17","1"
"ST000985","Validating Quantitative Untargeted Lipidomics Across Nine Liquid Chromatography−High-Resolution Mass Spectrometry Platforms (part III)","Homo sapiens","University of California, Davis","LC-MS","2018-06-21","2018-07-17","1"
"ST000984","Validating Quantitative Untargeted Lipidomics Across Nine Liquid Chromatography−High-Resolution Mass Spectrometry Platforms (part II)","Homo sapiens","University of California, Davis","LC-MS","2018-06-21","2018-07-17","1"
"ST000983","Validating Quantitative Untargeted Lipidomics Across Nine Liquid Chromatography−High-Resolution Mass Spectrometry Platforms (Part I)","Homo sapiens","University of California, Davis","LC-MS","2015-12-17","2018-07-17","1"
"ST000980","Metabolomic Analysis of plasma samples from Non-Allergic Subjects and Profilin-Allergic Patients overexposed to Grass Pollen","Homo sapiens","Centre of Metabolomics and Bioanalysis","GC-MS/LC-MS","2018-06-13","2018-07-17","1"
"ST000978","Metabolomics biomarkers and the risk of overall mortality and ESRD in CKD: results from the Progredir Cohort.","Homo sapiens","University of Sao Paulo","GC-MS","2018-05-22","2018-07-17","1"
"ST000977","Identification of unique metabolite networks between Latino and Caucasian patients with nonalcoholic fatty liver disease (NAFLD)","Homo sapiens","University of California, Davis","LC-MS","2018-05-24","2018-07-17","1"
"ST000976","GC6-74 matabolomic of TB (Part 3: Plasma_RPMI)","Homo sapiens","Max Planck Institute for Infection Biology","LC-MS","2018-05-15","2018-11-05","1"
"ST000975","GC6-74 metabolomics of TB vs healthy (Part 2: Serum)","Homo sapiens","Max Planck Institute for Infection Biology","LC-MS","2018-05-15","2018-11-05","1"
"ST000974","GC6-74 matabolomic of TB (Part 1: Plasma)","Homo sapiens","Max Planck Institute for Infection Biology","LC-MS","2018-05-04","2018-11-05","1"
"ST000973","Metabolome profiles in urogenital schistosomiasis and associated pathologies (part II)","Homo sapiens","University of Ibadan, Nigeria","LC-MS","2017-12-07","2018-12-11","1"
"ST000954","Explore Metabolites and Pathways Associated Increased Airway Hyperresponsiveness in Asthma","Homo sapiens","University of Florida","LC-MS","2018-04-13","2021-01-19","1"
"ST000948","Mechanisms for Insulin Resistance in Polycystic Ovary Syndrome: aminoadipic acid, lysine concentrations, and enrichment (part II)","Homo sapiens","Mayo Clinic","LC-MS","2018-04-09","2020-04-13","1"
"ST000947","Mechanisms for Insulin Resistance in Polycystic Ovary Syndrome with metformin therapy: aminoadipic acid, lysine concentrations, and enrichment (part I) ","Homo sapiens","Mayo Clinic","LC-MS","2018-04-09","2020-04-13","1"
"ST000946","Untargeted Metabolomics of T1 Participants","Homo sapiens","University of Michigan","LC-MS","2018-03-14","2021-08-31","1"
"ST000939","Predicting and Defining Steroid Resistance in Pediatric Nephrotic Syndrome using Plasma Metabolomics","Homo sapiens","RTI International","NMR","2018-03-01","2019-03-06","1"
"ST000934","Metabolome profiles in urogenital schistosomiasis and associated pathologies","Homo sapiens","University of Ibadan, Nigeria","LC-MS","2017-12-02","2018-12-11","1"
"ST000919","Investigating Eicosanoids Implications on the Blood Pressure Response to Thiazide Diuretics","Homo sapiens","University of Florida","LC-MS","2018-01-11","2019-01-22","1"
"ST000918","Plasma metabolic fingerprint for breast cancer (MS) - part I","Homo sapiens","Universidad de los Andes","GC-MS/LC-MS","2017-12-29","2018-02-07","1"
"ST000916","Biomarkers of NAFLD progression: a lipidomics approach to an epidemic. Part 2:Plasma","Homo sapiens","LIPID MAPS","GC-MS/LC-MS","2018-01-14","2018-04-05","1"
"ST000909","Metabolomics Linking Air Pollution, Obesity and Type 2 Diabetes","Homo sapiens","Emory University","LC-MS","2017-12-05","2020-09-12","1"
"ST000899","Alterations in Lipid, Amino Acid, and Energy Metabolism Distinguish Crohn Disease from Ulcerative Colitis and Control Subjects by Serum Metabolomic Profiling","Homo sapiens","Vanderbilt University Medical Center","LC-MS","2017-08-29","2018-01-11","1"
"ST000892","Comparison of T2 filters for quantification of small molecules in plasma by 1D NMR","Homo sapiens","University of Georgia","NMR","2017-09-01","2017-11-15","1"
"ST000888","Lyme Disease Biosignature Training (95 MFs)","Homo sapiens","Colorado State University","LC-MS","2017-09-05","2017-11-15","1"
"ST000882","Untargeted metabolomics data of leprosy patients with type 1 reaction","Homo sapiens","Colorado State University","LC-MS","2017-06-19","2017-06-19","1"
"ST000881","Targeted metabolomics data of leprosy patients with type 1 reaction","Homo sapiens","Colorado State University","LC-MS","2017-08-02","2017-08-02","1"
"ST000876","Human serum for a patient with neuropathy being treated with L-serine.","Homo sapiens","University of Helsinki","MS(Dir. Inf.)","2017-09-05","2017-10-11","1"
"ST000865","Identification of Race-Associated Metabolite Biomarkers for Hepatocellular Carcinoma","Homo sapiens","Georgetown University","GC-MS","2017-08-14","2018-03-02","1"
"ST000842","Muscle and plasma before and after exercise","Homo sapiens","University of Michigan","LC-MS","2017-08-02","2018-02-07","1"
"ST000826","CHEAR Christiani NMR","Homo sapiens","RTI International","NMR","2017-07-26","2019-09-23","1"
"ST000825","CHEAR Christiani Biocrates","Homo sapiens","RTI International","LC-MS","2017-07-18","2019-09-23","1"
"ST000818","Integrated nutrigenomic and metabolomic analysis of Africans with variable diet","Homo sapiens","University of Michigan","LC-MS","2017-07-13","2019-09-23","1"
"ST000816","Lipidomics of Chronic Kidney Disease progression","Homo sapiens","University of Michigan","LC-MS","2017-07-13","2018-02-07","1"
"ST000814","Hormones & Cognition/Aging/Placebo","Homo sapiens","University of Michigan","LC-MS","2017-07-13","2017-10-11","1"
"ST000813","Insights into myalgic encephalomyelitis/chronic fatigue syndrome (ME/CFS) phenotypes through comprehensive metabolomics (part IV)","Homo sapiens","University of California, Davis","GC-MS","2017-07-19","2018-08-16","1"
"ST000802","Insights into myalgic encephalomyelitis/chronic fatigue syndrome (ME/CFS) phenotypes through comprehensive metabolomics (part III))","Homo sapiens","University of California, Davis","LC-MS","2017-07-19","2018-08-16","1"
"ST000801","Insights into myalgic encephalomyelitis/chronic fatigue syndrome (ME/CFS) phenotypes through comprehensive metabolomics (part II)","Homo sapiens","University of California, Davis","LC-MS","2017-07-19","2018-08-16","1"
"ST000800","Insights into myalgic encephalomyelitis/chronic fatigue syndrome (ME/CFS) phenotypes through comprehensive metabolomics","Homo sapiens","University of California, Davis","LC-MS","2017-07-19","2018-08-16","1"
"ST000785","Pharmacometabolomics of L-Carnitine Treatment Response Phenotypes in Patients with Septic Shock","Homo sapiens","University of Michigan","NMR","2016-12-08","2017-10-03","1"
"ST000783","Absolute Quantification of 180 metabolites in serum from african american and european american in prostate cancer and case control samples","Homo sapiens","Baylor College of Medicine","FIA-MS","2017-05-18","2019-07-17","1"
"ST000775","Michigan Biomarkers for Refractory Depression (Bluebird) metabolomics pilot study","Homo sapiens","University of Michigan","LC-MS","2017-06-19","2017-12-06","1"
"ST000770","Intranasal oxytocin in lean and obese men","Homo sapiens","University of Michigan","LC-MS","2017-06-19","2017-12-06","1"
"ST000763","Untargeted metabolomics and lipidomics of scleroderma PAH discovery cohort","Homo sapiens","University of Michigan","LC-MS","2017-06-19","2017-12-06","1"
"ST000762","Plasma Nucleotide/adenosine concentrations in patiens with scleroderma depending on exercise","Homo sapiens","University of Michigan","LC-MS","2017-06-19","2017-12-06","1"
"ST000726","Polycystic Ovarian Syndrome(PCOS) metabolomics","Homo sapiens","University of Michigan","LC-MS","2017-06-19","2017-12-06","1"
"ST000725","Metabolome, body composition, and muscle performance in children","Homo sapiens","University of Michigan","LC-MS","2017-06-19","2017-12-06","1"
"ST000721","Metabolomic Profiles of Recovery from Traumatic Brain Injury","Homo sapiens","University of Michigan","LC-MS","2017-06-19","2017-12-06","1"
"ST000695","Pilot metabolomics study of aromatase inhibitor associated arthralgias","Homo sapiens","University of Michigan","LC-MS","2017-06-19","2017-12-06","1"
"ST000691","Metabolomics of diabetic nephropathy","Homo sapiens","University of Michigan","LC-MS","2017-06-19","2017-12-06","1"
"ST000677","Nonalcoholic steatohepatitis (NASH) changes with S.Q. Leptin administrations","Homo sapiens","University of Michigan","LC-MS","2017-06-05","2017-12-06","1"
"ST000673","Lipidomics in (SIDS) Sudden Infant Death Syndrome","Homo sapiens","University of Michigan","LC-MS","2017-06-05","2017-12-06","1"
"ST000668","Diet manipulation on the lipidome","Homo sapiens","University of Michigan","LC-MS","2017-06-05","2017-12-06","1"
"ST000664","Nutritional Psychiatric Illness Studies","Homo sapiens","University of Michigan","LC-MS","2017-06-05","2017-12-06","1"
"ST000663","Metabolic Syndrome Plasma Lipidomics","Homo sapiens","University of Michigan","LC-MS","2017-06-05","2017-12-06","1"
"ST000661","CHOICE clinical weight loss study","Homo sapiens;Rattus norvegicus","University of Michigan","LC-MS","2017-06-05","2018-02-07","1"
"ST000659","Changes in metabolites and lipid mediators associated with supervised exercise training for peripheral","Homo sapiens","University of California, Davis","LC-MS","2017-06-28","2017-10-03","1"
"ST000641","Targeted Amino Acids in American Indian Adolescents (part II)","Homo sapiens","Mayo Clinic","LC-MS","2017-06-23","2020-06-26","1"
"ST000640","Targeted NEFA in American Indian Adolescents (part I)","Homo sapiens","Mayo Clinic","LC-MS","2017-06-23","2021-01-19","1"
"ST000617","Validation of the application of targeted metabolomic appraoch in the diagnosis of CFS","Homo sapiens","University of California, San Diego","LC-MS","2017-05-17","2017-06-17","1"
"ST000609","CHEAR Plasma Reference Material","Homo sapiens","RTI International","LC-MS","2017-05-16","2024-12-31","1"
"ST000608","Comparing identified and statistically significant lipids and polar metabolites in 15-year old serum and dried blood spot samples for longitudinal studies","Homo sapiens","Pacific Northwest National Laboratory","GC-MS/LC-MS","2017-05-13","2017-07-10","1"
"ST000605","Whole blood reveals more metabolic detail of the human metabolome than serum as measured by 1H-NMR spectroscopy: Implications for sepsis metabolomics","Homo sapiens","University of Michigan","NMR","2016-12-08","2017-01-06","1"
"ST000601","Untargeted LC-MS metabolomics analysis of human COPD plasma, HILIC & C18","Homo sapiens","University of Colorado Denver","LC-MS","2017-04-27","2018-10-10","1"
"ST000596","Emory University high-resolution metabolomic profiling CHEAR pooled reference materials","Homo sapiens","Emory University","LC-MS","2017-02-17","2024-12-31","1"
"ST000590","Human Plasma Metabolomics in Age-related Macular Degeneration (AMD) Using Nuclear Magnetic Resonance Spectroscopy","Homo sapiens","University of Aveiro","NMR","2017-02-20","2017-07-10","1"
"ST000589","Effects of dilution on analyte identification and quantification","Homo sapiens","Duke University","GC-MS","2017-04-04","2017-07-10","1"
"ST000586","Evaluation of specific concentrations for use in experimental protocol","Homo sapiens","Duke University","GC-MS","2017-04-11","2018-06-05","1"
"ST000578","Experiment HuA: Metabolomics of plasma samples from humans infected with Plasmodium vivax strain.","Homo sapiens","Emory University","LC-MS","2017-02-20","2017-07-10","1"
"ST000568","Metabolomic study on a schizophrenia and type 2 diabetes susceptibility gene","Homo sapiens","Shanghai Jiao Tong University Affiliated Sixth People’s Hospital","GC-MS/LC-MS","2017-01-15","2017-07-10","1"
"ST000567","Large Scale HILIC Profiling of the Effects of Curcumin Supplementation of Older Adults: Relation to Vascular Function (part 6)","Homo sapiens","Mayo Clinic","LC-MS","2017-03-03","2019-03-06","1"
"ST000566","Large Scale C18 Profiling of the Effects of Curcumin Supplementation of Older Adults: Relation to Vascular Function (part 5)","Homo sapiens","Mayo Clinic","LC-MS","2017-03-03","2019-03-06","1"
"ST000565","Association of hemodialysis patient plasma trace metals with response to erythropoiesis stimulating agents","Homo sapiens","RTI International","ICP-MS","2017-02-27","2018-08-27","1"
"ST000553","CHEAR UT Urine and Plasma Pool Characterization","Homo sapiens","Mount Sinai","LC-MS","2017-02-14","2024-12-31","1"
"ST000552","Metabolite signatures in trauma patients with venous thromboembolism (VTE)","Homo sapiens","University of Florida","LC-MS","2017-02-03","2018-02-07","1"
"ST000545","CHEAR Plasma Reference Material Proficiency Test Biocrates","Homo sapiens","RTI International","LC-MS","2016-12-29","2024-12-31","1"
"ST000537","CHEAR Plasma Extraction Reference Material Proficiency Test NMR (Part II)","Homo sapiens","RTI International","NMR","2017-01-19","2024-12-31","1"
"ST000536","CHEAR Plasma Dilution Reference Material Proficiency Test NMR (Part II)","Homo sapiens","RTI International","NMR","2017-01-19","2024-12-31","1"
"ST000534","CHEAR Plasma Extraction Reference Material Proficiency Test NMR (Part I)","Homo sapiens","RTI International","NMR","2017-01-05","2024-12-31","1"
"ST000533","CHEAR Plasma Dilution Reference Material Proficiency Test NMR (Part I)","Homo sapiens","RTI International","NMR","2017-01-04","2024-12-31","1"
"ST000532","CHEAR Plasma Reference Material Plasma GC-MS","Homo sapiens","RTI International","GC-MS","2016-12-30","2024-12-31","1"
"ST000531","CHEAR Pooled Plasma Reference Material Proficiency Test","Homo sapiens","RTI International","MS","2016-12-29","2024-12-31","1"
"ST000527","Effects of Curcumin Supplementation on the Acylcarnitine Concentration of Older Adults: Relation to Vascular Function (part 4)","Homo sapiens","Mayo Clinic","LC-MS","2016-12-14","2018-12-11","1"
"ST000526","Effects of Curcumin Supplementation on the Ceramides Concentration of Older Adults: Relation to Vascular Function (part 3)","Homo sapiens","Mayo Clinic","LC-MS","2016-12-14","2018-12-11","1"
"ST000525","Effects of Curcumin Supplementation on the Non‐Esterified Fatty Acids concentration of Older Adults: Relation to Vascular Function (part 2)","Homo sapiens","Mayo Clinic","LC-MS","2016-12-14","2018-12-11","1"
"ST000524","Effects of Curcumin Supplementation on the Amino Acid Concentration of Older Adults: Relation to Vascular Function (part 1)","Homo sapiens","Mayo Clinic","LC-MS","2016-12-14","2018-12-11","1"
"ST000523","Prenatal exposures and Metabolite and Lipid Profiles","Homo sapiens","University of Michigan","LC-MS","2016-12-16","2024-12-31","1"
"ST000502","Weight loss and weight maintenance obtained with or without GLP-1 analogue treatment decrease branched chain amino acid levels.","Homo sapiens","NNF Center for Metabolic Research","NMR","2016-11-02","2016-12-22","1"
"ST000493","Sleep apnea and cardiovascular samples SCFA, short chain fatty acids panel","Homo sapiens","Mayo Clinic","GC-MS","2016-10-14","2018-10-10","1"
"ST000492","Sleep apnea and cardiovascular samples ceramide concentrations","Homo sapiens","Mayo Clinic","LC-MS","2016-10-14","2018-10-10","1"
"ST000491","Sleep apnea and cardiovascular samples amino acid metabolites","Homo sapiens","Mayo Clinic","LC-MS","2016-10-14","2018-10-10","1"
"ST000490","Sleep apnea and cardiovascular samples nueromodulators panel","Homo sapiens","Mayo Clinic","LC-MS","2016-10-14","2018-10-10","1"
"ST000489","Sleep apnea and cardiovascular samples plasma acyl carnitine panel","Homo sapiens","Mayo Clinic","LC-MS","2016-10-14","2018-10-10","1"
"ST000488","Sleep apnea and cardiovascular metabiltes carnitine, tma, tmao, betain, choline in plasma","Homo sapiens","Mayo Clinic","LC-MS","2016-10-14","2018-10-10","1"
"ST000485","D2 Glucose Quantifcation of obese patients on a 16 week caloric restriction from plasma","Homo sapiens","Mayo Clinic","GC-MS","2016-09-23","2017-11-20","1"
"ST000483","Amino Acid Quantifcation of obese patients on a 16 week caloric restriction from Plasma","Homo sapiens","Mayo Clinic","LC-MS","2016-09-23","2016-12-22","1"
"ST000482","Free amino acids in CHEAR reference plasma","Homo sapiens","University of Minnesota","LC-MS","2016-10-02","2024-12-31","1"
"ST000477","A metabolomics approach to document compliance with long-term almond consumption","Homo sapiens","Purdue University","LC-MS","2016-06-29","2016-12-22","1"
"ST000464","Transpulmonary metabolomics in pulmonary arterial hypertension","Homo sapiens","University of North Carolina","NMR","2016-09-07","2018-10-10","1"
"ST000450","Metabolic features of chronic fatigue syndrome","Homo sapiens","University of California, San Diego","LC-MS","2016-08-11","2016-12-22","1"
"ST000448","Emory University high-resolution metabolomic profiling of ring trial samples","Homo sapiens","Emory University","LC-MS","2016-08-08","2024-12-31","1"
"ST000443","Quantitative measurements of TCA cycle metabolites in T1D poor control, good control, and controls.","Homo sapiens","Mayo Clinic","GC-MS","2016-07-20","2016-09-23","1"
"ST000440","Metabotypes of Subjects with Adverse Reactions Following Vaccination","Homo sapiens","University of North Carolina","NMR","2016-08-02","2016-09-23","1"
"ST000439","Characterizing commonalities and differences between the breast and prostate cancer metabotypes in African-American cohorts","Homo sapiens","University of North Carolina","NMR","2016-08-02","2016-09-23","1"
"ST000437","Metabolomic analysis of human plasma samples spiked with unknown chemicals","Homo sapiens","University of Minnesota","LC-MS","2016-06-29","2024-12-31","1"
"ST000435","Quantitative measurements of amino acids in T1D poor control, good control, and controls.","Homo sapiens","Mayo Clinic","LC-MS","2016-07-20","2016-09-23","1"
"ST000434","Quantitative measurements of free fatty acid in T1D poor control, good control, and controls.","Homo sapiens","Mayo Clinic","LC-MS","2016-07-20","2016-09-23","1"
"ST000433","Plasma sphingolipid changes with autopsy-confirmed Lewy body or Alzheimer's pathology","Homo sapiens","Mayo Clinic","LC-MS","2016-07-22","2016-09-23","1"
"ST000432","Quantitative measurements of vitamin D in T1D poor control, good control, and controls.","Homo sapiens","Mayo Clinic","LC-MS","2016-07-29","2016-09-23","1"
"ST000422","Type 1 Diabetes good glycemic control and controls samples","Homo sapiens","Mayo Clinic","LC-MS","2016-07-01","2016-09-23","1"
"ST000421","Type 1 Diabetes poor glycemic control versus control samples","Homo sapiens","Mayo Clinic","LC-MS","2016-07-15","2016-09-23","1"
"ST000417","Controlled Human Exposure to Particulate Matter (PM) and Gaseous Co-Pollutants","Homo sapiens","RTI International","GC-MS","2016-06-15","2018-06-05","1"
"ST000405","Metabolomic Profiling in Early Pregnancy using Pre-Diagnostic Sera from Women Who Developed Placental Abruption","Homo sapiens","RTI International","LC-MS","2016-05-27","2017-05-27","1"
"ST000397","Long-term neural and physiological phenotyping of a single human","Homo sapiens","University of California, Davis","GC-MS","2016-05-11","2016-06-18","2"
"ST000396","Lung Cancer Plasma Discovery","Homo sapiens","University of California, Davis","GC-MS","2016-05-10","2016-06-18","2"
"ST000392","Systemic Metabolomic Changes in Blood Samples of Lung Cancer Patients Identified by Gas Chromatography Time-of-Flight Mass Spectrometry","Homo sapiens","University of California, Davis","GC-MS","2016-05-09","2016-06-18","2"
"ST000389","Serum phosphatidylethanolamine levels distinguish benign from malignant solitary pulmonary nodules and represent a potential diagnostic biomarker for lung cancer (part II)","Homo sapiens","University of California, Davis","GC-MS","2016-04-26","2016-05-01","2"
"ST000388","Serum phosphatidylethanolamine levels distinguish benign from malignant solitary pulmonary nodules and represent a potential diagnostic biomarker for lung cancer (part I)","Homo sapiens","University of California, Davis","LC-MS","2016-04-26","2016-05-01","2"
"ST000387","Changes in the metabalome and lipidome in response to exercise training","Homo sapiens","University of California, Davis","LC-MS","2016-04-26","2016-04-29","1"
"ST000386","Investigation of metabolomic blood biomarkers for detection of adenocarcinoma lung cancer (test/validation)","Homo sapiens","University of California, Davis","GC-MS","2016-03-26","2016-04-25","1"
"ST000385","Investigation of metabolomic blood biomarkers for detection of adenocarcinoma lung cancer (training set)","Homo sapiens","University of California, Davis","GC-MS","2016-03-31","2016-04-30","1"
"ST000383","Plasma Metabolomic Profiles Reflective of Glucose Homeostasis in Non-Diabetic and Type 2 Diabetic Obese African-American Women","Homo sapiens","University of California, Davis","GC-MS","2016-04-11","2016-04-25","1"
"ST000369","Investigation of metabolomic blood biomarkers for detection of adenocarcinoma lung cancer (part II)","Homo sapiens","University of California, Davis","GC-MS","2016-03-04","2016-04-03","1"
"ST000368","Investigation of metabolomic blood biomarkers for detection of adenocarcinoma lung cancer","Homo sapiens","University of California, Davis","GC-MS","2016-04-08","2016-04-08","1"
"ST000364","Metabolomics Profiling of NEST Cord Blood Plasma","Homo sapiens","University of North Carolina","NMR","2016-03-09","2017-10-03","1"
"ST000362","Associations between 69 Sphingolipids and Emphysema, Chronic Bronchitis, Exacerbations, and FEV1/FVC","Homo sapiens","National Jewish Health","LC-MS","2016-03-10","2016-09-23","1"
"ST000356","GC/MS and LC/MS metabolomics profiling for breast cancer serum data and control serum data","Homo sapiens","University of Hawaii","GC-MS/LC-MS","2016-03-09","2016-03-21","1"
"ST000355","GC/MS and LC/MS metabolomics profiling for breast cancer plasma data and control plasma data","Homo sapiens","University of Hawaii","GC-MS/LC-MS","2016-03-08","2016-03-16","1"
"ST000315","Metabolomics and Childhood Obesity: A Pilot and Feasibility Study With Multiple Phenotypic Anchors","Homo sapiens","University of North Carolina","NMR","2015-12-31","2016-12-31","1"
"ST000306","Metabolomics Approach to Identify Molecules and Pathways Involved in the Development of Atherosclerotic Coronary Artery Disease","Homo sapiens","University of North Carolina","NMR","2015-12-31","2016-12-31","1"
"ST000292","LC-MS Based Approaches to Investigate Metabolomic Differences in the Plasma of Young Women after Drinking Cranberry Juice or Apple Juice","Homo sapiens","University of Florida","LC-MS","2014-11-17","2016-12-22","1"
"ST000285","NMR-based Metabolomics for CRC Diagnosis","Homo sapiens","University of Washington","NMR","2015-11-21","2015-12-21","1"
"ST000284","Colorectal Cancer Detection Using Targeted Serum Metabolic Profiling","Homo sapiens","University of Washington","LC-MS","2015-12-15","2015-12-16","1"
"ST000283","Plasma Nucleotide/adenosine concentrations (Human AxP Batch 4)","Homo sapiens","University of Michigan","LC-MS","2015-01-20","2016-01-13","1"
"ST000270","Metabolomics in AML","Homo sapiens","University of Florida","LC-MS","2015-08-27","2016-12-22","1"
"ST000250","The Role of Obesity and Adipocytes in Immune Activation on Antiretroviral Therapy","Homo sapiens","University of Florida","LC-MS","2015-01-07","2016-12-22","1"
"ST000229","Analysis of Dried Blood Spots by Paper Spray Ionization - MS","Homo sapiens","University of Florida","MS","2015-07-16","2017-10-03","1"
"ST000228","Analysis of Dried Blood Spots by MALDI-MS","Homo sapiens","University of Florida","MALDI-MS","2015-07-16","2017-10-03","1"
"ST000223","Metabolic Aberrations in Barth Syndrome","Homo sapiens","University of North Carolina","NMR","2015-06-29","2016-07-08","1"
"ST000168","Effect of Insulin Sensitizer Therapy on Amino Acids and Their Metabolites","Homo sapiens","Mayo Clinic","LC-MS","2015-05-21","2015-06-28","1"
"ST000166","Cardiac Resynchronization Therapy Induces Adaptive Metabolic Transitions in the Metabolomic Profile of Heart Failure","Homo sapiens","Mayo Clinic","GC-MS","2015-05-14","2015-06-28","1"
"ST000161","Plasma Nucleotide/adenosine concentrations (Human AxP Batch 3)","Homo sapiens","University of Michigan","LC-MS","2014-10-27","2015-04-28","1"
"ST000158","Human fecal bile acid profiles before and after fecal transplant","Homo sapiens","University of Michigan","LC-MS","2014-12-03","2016-06-18","1"
"ST000138","Targeted LC MS of acylcarnitines: TLCMS","Homo sapiens","University of Florida","LC-MS","2015-01-08","2016-06-18","1"
"ST000137","Metabolomics in sarcoidosis","Homo sapiens","Wayne State University","NMR","2015-02-11","2015-02-11","1"
"ST000136","NIST lipidomics intralaboratory study","Homo sapiens","University of Florida","LC-MS","2014-01-16","2016-06-18","1"
"ST000122","Perinatal DDT causes dysfunctional lipid metabolism underlying metabolic syndrome","Homo sapiens","University of California, Davis","LC-MS","2014-09-30","2014-09-30","1"
"ST000106","IWMS Study 1:Weight comparison of obese and lean patients","Homo sapiens","University of Michigan","LC-MS","2014-09-30","2015-02-03","1"
"ST000105","SCOR Metabolomics","Homo sapiens","University of Michigan","LC-MS","2014-09-30","2015-02-03","1"
"ST000104","Factors for Epigenetic Silencing of Lung Cancer Genes","Homo sapiens","University of North Carolina","NMR","2014-09-29","2016-06-18","1"
"ST000091","Quantitative Metabolomics by 1H-NMR and LC-MS/MS Confirms Altered Metabolic Pathways in Diabetes","Homo sapiens","Mayo Clinic","LC-MS","2014-07-15","2014-07-26","1"
"ST000082","Metabolic Profiling of Visceral and Subcutaneous Adipose Tissue from Colorectal Cancer Patients: UHPLC-QTOF MS analyis of serum samples","Homo sapiens","University of California, Davis","LC-MS","2014-06-11","2014-07-25","1"
"ST000062","Biomarkers for Depression in Human Plasma in a Population Sample","Homo sapiens","University of California, Davis","GC-MS","2014-06-11","2014-07-11","1"
"ST000051","Fetal metabolomic signature of exposure to iAs during pregnancy","Homo sapiens","University of North Carolina","NMR","2014-04-30","2018-08-27","1"
"ST000046","Identification of altered metabolic pathways in Alzheimer's disease, mild cognitive impairment and cognitively normals using Metabolomics (plasma)","Homo sapiens","Mayo Clinic","LC-MS","2014-03-24","2014-04-25","1"
"ST000045","Plasma metabolomics:  Comparison of non-diabetic controls with T1D patients","Homo sapiens","Mayo Clinic","LC-MS","2014-03-24","2014-04-20","1"
"ST000041","High PUFA diet in humans","Homo sapiens","University of Michigan","LC-MS","2014-03-22","2014-04-21","1"
"ST000004","Lipidomics studies on NIDDK / NIST human plasma samples","Homo sapiens","LIPID MAPS","LC-MS","2013-02-20","2013-03-17","1"
